{"type":"FeatureCollection","features":[{"type":"Feature","properties":{"district":"Bidar"},"geometry":{"type":"Polygon","coordinates":[[[77.4432,17.5843],[77.3787,17.584],[77.3794,17.595],[77.3595,17.6002],[77.3403,17.5879],[77.3106,17.5953],[77.2976,17.6064],[77.2745,17.6269],[77.2745,17.6269],[77.2732,17.6272],[77.1977,17.6321],[77.1888,17.6155],[77.1501,17.6324],[77.1259,17.6868],[77.1243,17.6858],[77.0852,17.6591],[77.0581,17.6731],[77.0353,17.6695],[77.0343,17.6806],[77.0177,17.678],[76.9909,17.6959],[76.977,17.6799],[76.9873,17.6581],[76.9403,17.609],[76.9211,17.6106],[76.9178,17.6236],[76.929,17.6376],[76.9079,17.635],[76.8989,17.6448],[76.793,17.6533],[76.7785,17.636],[76.7702,17.6464],[76.7735,17.6669],[76.7328,17.6656],[76.7143,17.6389],[76.6991,17.6425],[76.7004,17.6448],[76.709,17.6581],[76.711,17.6614],[76.6958,17.6617],[76.6944,17.662],[76.6944,17.6627],[76.6858,17.6822],[76.6908,17.6809],[76.6931,17.6926],[76.6961,17.7089],[76.6997,17.7271],[76.7004,17.7274],[76.7282,17.7375],[76.7143,17.7808],[76.7619,17.787],[76.7904,17.8263],[76.7676,17.852],[76.7384,17.8566],[76.7401,17.8995],[76.7682,17.9012],[76.7752,17.8777],[76.8043,17.8706],[76.8046,17.8709],[76.8102,17.8872],[76.8311,17.8856],[76.8397,17.8989],[76.8844,17.8943],[76.9012,17.9171],[76.9191,17.9161],[76.9055,18.0098],[76.9145,18.0352],[76.9522,18.0401],[76.9453,18.083],[76.9664,18.0983],[76.9204,18.1182],[76.932,18.1335],[76.9241,18.1465],[76.9317,18.1595],[76.9423,18.1562],[76.9519,18.1881],[76.9906,18.1901],[77.0012,18.1608],[77.0233,18.1585],[77.023,18.1758],[77.0333,18.1819],[77.0521,18.1732],[77.064,18.1507],[77.1107,18.1553],[77.1107,18.1556],[77.1137,18.1621],[77.117,18.1696],[77.1163,18.1706],[77.0978,18.1966],[77.1517,18.2171],[77.1487,18.2389],[77.1699,18.261],[77.1749,18.2848],[77.2129,18.2802],[77.1994,18.3157],[77.2192,18.3258],[77.2295,18.3482],[77.2202,18.3492],[77.2258,18.3651],[77.2464,18.3707],[77.2464,18.3707],[77.246,18.3716],[77.2358,18.3944],[77.2417,18.4126],[77.2656,18.4224],[77.3168,18.4422],[77.3238,18.4543],[77.3453,18.4334],[77.3658,18.4507],[77.3658,18.4497],[77.3728,18.4012],[77.4125,18.3934],[77.4138,18.3924],[77.3949,18.3684],[77.4002,18.3476],[77.3585,18.3176],[77.3579,18.317],[77.3658,18.3072],[77.4092,18.3014],[77.4376,18.3105],[77.4383,18.2864],[77.4452,18.2799],[77.4611,18.2643],[77.4621,18.2633],[77.4628,18.2636],[77.4651,18.2626],[77.4849,18.2708],[77.4929,18.2672],[77.5117,18.2822],[77.5127,18.3095],[77.5514,18.2916],[77.5514,18.2919],[77.5617,18.2851],[77.5726,18.2932],[77.573,18.2932],[77.6054,18.2815],[77.6007,18.2756],[77.6004,18.2756],[77.572,18.2441],[77.5855,18.2197],[77.5637,18.1956],[77.5812,18.1624],[77.5968,18.1559],[77.5988,18.0944],[77.5988,18.0935],[77.5984,18.0931],[77.573,18.0788],[77.563,18.0733],[77.5478,18.056],[77.5538,18.0359],[77.5806,18.0316],[77.5885,18.0121],[77.606,18.0202],[77.6279,17.9968],[77.6491,17.9988],[77.656,17.9688],[77.6557,17.9685],[77.6494,17.95],[77.6371,17.9523],[77.6332,17.9675],[77.6246,17.9597],[77.6325,17.9467],[77.6186,17.9396],[77.6189,17.9041],[77.5862,17.9077],[77.5991,17.8732],[77.5766,17.8755],[77.5541,17.8202],[77.5283,17.828],[77.5289,17.813],[77.5064,17.786],[77.5375,17.7798],[77.5548,17.7639],[77.5693,17.7665],[77.5686,17.7489],[77.5461,17.7268],[77.522,17.7261],[77.4525,17.6946],[77.4482,17.651],[77.4558,17.6341],[77.4555,17.6328],[77.4528,17.6207],[77.4442,17.5843],[77.4432,17.5843]]]}},{"type":"Feature","properties":{"district":"Kalaburagi"},"geometry":{"type":"Polygon","coordinates":[[[76.6858,17.6822],[76.6944,17.6627],[76.6944,17.662],[76.6958,17.6617],[76.711,17.6614],[76.709,17.6581],[76.7004,17.6448],[76.6991,17.6425],[76.7143,17.6389],[76.7328,17.6656],[76.7735,17.6669],[76.7702,17.6464],[76.7785,17.636],[76.793,17.6533],[76.8989,17.6448],[76.9079,17.635],[76.929,17.6376],[76.9178,17.6236],[76.9211,17.6106],[76.9403,17.609],[76.9873,17.6581],[76.977,17.6799],[76.9909,17.6959],[77.0177,17.678],[77.0343,17.6806],[77.0353,17.6695],[77.0581,17.6731],[77.0852,17.6591],[77.1243,17.6858],[77.1259,17.6868],[77.1501,17.6324],[77.1888,17.6155],[77.1977,17.6321],[77.2732,17.6272],[77.2745,17.6269],[77.2745,17.6269],[77.2976,17.6064],[77.3106,17.5953],[77.3403,17.5879],[77.3595,17.6002],[77.3794,17.595],[77.3787,17.584],[77.4432,17.5843],[77.4432,17.584],[77.4525,17.581],[77.4618,17.5807],[77.4664,17.5768],[77.478,17.5667],[77.4939,17.568],[77.4945,17.567],[77.5071,17.5423],[77.5283,17.5755],[77.5375,17.5755],[77.5505,17.5517],[77.5938,17.5644],[77.5968,17.5342],[77.6739,17.5147],[77.6848,17.5121],[77.6888,17.5111],[77.6884,17.4753],[77.6884,17.4753],[77.6524,17.4828],[77.6573,17.5065],[77.6448,17.4776],[77.6153,17.473],[77.6143,17.446],[77.5763,17.4561],[77.5759,17.4307],[77.5372,17.4437],[77.5131,17.4307],[77.5141,17.4141],[77.5379,17.406],[77.5243,17.3881],[77.5293,17.3728],[77.5299,17.3708],[77.5273,17.3699],[77.4839,17.3549],[77.4743,17.3614],[77.479,17.3708],[77.4535,17.3741],[77.4561,17.3312],[77.4379,17.2918],[77.4585,17.2791],[77.4264,17.2563],[77.4204,17.2378],[77.4082,17.2414],[77.3804,17.2225],[77.4039,17.2098],[77.3939,17.1945],[77.3724,17.1955],[77.3638,17.1587],[77.4068,17.1246],[77.4638,17.1099],[77.4628,17.094],[77.481,17.0793],[77.4968,17.0426],[77.5021,17.0094],[77.4796,16.996],[77.4813,16.9713],[77.4813,16.9703],[77.478,16.9674],[77.4664,16.9541],[77.4694,16.9193],[77.4542,16.9141],[77.4588,16.8848],[77.425,16.8851],[77.4111,16.8747],[77.4015,16.8831],[77.4065,16.902],[77.3767,16.8945],[77.3516,16.9079],[77.3417,16.9342],[77.3188,16.9365],[77.3115,16.9274],[77.2894,16.9372],[77.2629,16.9284],[77.2421,16.943],[77.2113,16.945],[77.1961,16.9267],[77.1842,16.9424],[77.1656,16.9388],[77.1603,16.9157],[77.1256,16.918],[77.0948,16.9062],[77.0862,16.9368],[77.0717,16.9398],[77.065,16.9538],[77.065,16.9538],[77.0412,16.9232],[77.0197,16.9274],[77.0177,16.8988],[77.0339,16.8932],[77.0415,16.8701],[77.0071,16.8578],[76.98,16.8614],[76.9833,16.8399],[76.9952,16.8373],[76.985,16.8145],[76.9826,16.8096],[76.9443,16.8311],[76.9108,16.8165],[76.9016,16.8548],[76.9208,16.8701],[76.9016,16.8783],[76.9016,16.8926],[76.8705,16.8958],[76.8414,16.8666],[76.8165,16.8737],[76.8132,16.8584],[76.7911,16.85],[76.7891,16.8373],[76.76,16.8441],[76.7547,16.8204],[76.7447,16.8158],[76.7451,16.7517],[76.7437,16.7517],[76.7288,16.754],[76.7348,16.7787],[76.7093,16.7807],[76.702,16.793],[76.6795,16.7849],[76.6756,16.765],[76.6607,16.767],[76.6527,16.7511],[76.6587,16.725],[76.6355,16.7351],[76.6355,16.7459],[76.623,16.7426],[76.6236,16.7657],[76.5965,16.7657],[76.5472,16.7478],[76.5164,16.7511],[76.5035,16.7413],[76.5028,16.7231],[76.4813,16.712],[76.4714,16.7117],[76.4615,16.711],[76.4608,16.711],[76.4522,16.7221],[76.4486,16.7215],[76.441,16.7136],[76.4228,16.7169],[76.4291,16.7377],[76.4403,16.7419],[76.436,16.7644],[76.3708,16.7686],[76.3774,16.8018],[76.4102,16.7989],[76.4138,16.8135],[76.3523,16.8197],[76.3745,16.8587],[76.4291,16.8506],[76.4294,16.8373],[76.4711,16.8389],[76.4585,16.8669],[76.438,16.8679],[76.4334,16.8818],[76.4337,16.8978],[76.4655,16.9027],[76.4585,16.928],[76.434,16.9433],[76.4281,16.9274],[76.3989,16.9352],[76.4003,16.9772],[76.4367,16.9817],[76.4406,16.9967],[76.4274,17.0536],[76.4294,17.0995],[76.3983,17.0699],[76.388,17.0725],[76.3903,17.0972],[76.3622,17.1161],[76.3913,17.1307],[76.3946,17.1431],[76.3599,17.1402],[76.3688,17.1669],[76.3563,17.1887],[76.3334,17.1708],[76.2768,17.1675],[76.2639,17.1509],[76.2563,17.1509],[76.2461,17.1509],[76.2428,17.1509],[76.2418,17.1522],[76.2206,17.1854],[76.1882,17.1864],[76.1819,17.1926],[76.1276,17.2449],[76.0886,17.257],[76.0886,17.2576],[76.0949,17.2765],[76.0992,17.2902],[76.0995,17.2911],[76.0664,17.3113],[76.0651,17.3123],[76.0724,17.3341],[76.073,17.3364],[76.0753,17.3364],[76.0793,17.3315],[76.082,17.336],[76.0998,17.3647],[76.119,17.3705],[76.1627,17.3451],[76.165,17.3032],[76.1763,17.3009],[76.1832,17.3194],[76.1703,17.3526],[76.2295,17.3653],[76.2285,17.3757],[76.2421,17.379],[76.2507,17.3604],[76.2722,17.3604],[76.2765,17.3347],[76.3179,17.3325],[76.3142,17.3484],[76.3453,17.3546],[76.3539,17.3142],[76.3831,17.3146],[76.3966,17.3471],[76.4122,17.351],[76.4092,17.3715],[76.3635,17.3777],[76.3715,17.4366],[76.3334,17.434],[76.3308,17.4701],[76.3755,17.4903],[76.3457,17.4925],[76.3467,17.5127],[76.3672,17.5199],[76.3672,17.5199],[76.3629,17.5374],[76.3407,17.5426],[76.3314,17.5963],[76.4198,17.6038],[76.4291,17.6435],[76.4291,17.6435],[76.4294,17.6448],[76.4449,17.6409],[76.442,17.6493],[76.4529,17.6559],[76.4899,17.6604],[76.4873,17.7147],[76.524,17.7151],[76.5234,17.7596],[76.5727,17.7606],[76.5641,17.7509],[76.5704,17.7053],[76.5819,17.7056],[76.6005,17.7258],[76.6144,17.7704],[76.6144,17.7707],[76.6319,17.7548],[76.6332,17.7281],[76.6557,17.718],[76.6643,17.6874],[76.6845,17.6858],[76.6858,17.6822]]]}},{"type":"Feature","properties":{"district":"Belagavi"},"geometry":{"type":"Polygon","coordinates":[[[75.3418,16.956],[75.3358,16.8695],[75.395,16.8633],[75.3788,16.8239],[75.3844,16.7634],[75.3662,16.7602],[75.3626,16.7143],[75.2891,16.7149],[75.2756,16.7026],[75.2656,16.6925],[75.2683,16.6411],[75.2587,16.6079],[75.2587,16.6073],[75.2213,16.617],[75.17,16.5991],[75.1574,16.5842],[75.1571,16.5838],[75.1614,16.5399],[75.1621,16.5344],[75.1565,16.5311],[75.1412,16.5217],[75.1154,16.5061],[75.1138,16.5087],[75.0714,16.5676],[75.0668,16.5393],[75.0076,16.5383],[74.9887,16.5009],[74.9867,16.4664],[74.9884,16.4537],[75.0168,16.4586],[75.0178,16.4397],[75.0281,16.4335],[75.078,16.4377],[75.0731,16.4046],[75.0396,16.3981],[75.035,16.3867],[75.0433,16.3183],[75.0764,16.3317],[75.1296,16.331],[75.1488,16.3154],[75.1594,16.3209],[75.1482,16.2826],[75.2342,16.2595],[75.2322,16.21],[75.2858,16.2012],[75.2845,16.1765],[75.2924,16.1729],[75.2759,16.1202],[75.3279,16.1153],[75.3543,16.1287],[75.3553,16.1153],[75.4046,16.114],[75.4119,16.1306],[75.4159,16.1156],[75.439,16.1156],[75.4278,16.0929],[75.4311,16.0691],[75.4453,16.0691],[75.445,16.0529],[75.4185,16.0525],[75.4169,16.046],[75.4261,16.0093],[75.438,16.0031],[75.4318,15.9754],[75.4397,15.9666],[75.4248,15.9214],[75.4417,15.9185],[75.438,15.8938],[75.4516,15.8863],[75.4519,15.8827],[75.4539,15.8811],[75.4579,15.8186],[75.437,15.7786],[75.4142,15.7848],[75.4245,15.842],[75.3748,15.8453],[75.3646,15.8049],[75.3411,15.8049],[75.3394,15.8277],[75.3249,15.8111],[75.3037,15.8127],[75.306,15.7659],[75.3183,15.7646],[75.3183,15.7451],[75.3143,15.7301],[75.2997,15.7275],[75.2991,15.7288],[75.2938,15.7412],[75.2746,15.7405],[75.2742,15.7177],[75.2789,15.6885],[75.2895,15.6907],[75.2779,15.6872],[75.2739,15.6488],[75.2491,15.6471],[75.2362,15.679],[75.2028,15.6816],[75.2028,15.6491],[75.1081,15.6719],[75.0919,15.6078],[75.0565,15.6325],[75.0598,15.682],[75.0486,15.6777],[75.0469,15.6706],[75.0284,15.6699],[75.0195,15.6439],[74.9665,15.6543],[74.9652,15.6273],[74.9023,15.6319],[74.8788,15.6179],[74.8305,15.6104],[74.8411,15.5749],[74.7981,15.5486],[74.814,15.505],[74.7868,15.4861],[74.7782,15.4594],[74.7488,15.4962],[74.7273,15.489],[74.7445,15.4636],[74.7296,15.4314],[74.7392,15.4142],[74.7409,15.4109],[74.6995,15.41],[74.6896,15.3979],[74.6495,15.3901],[74.6141,15.3586],[74.5446,15.4168],[74.4828,15.396],[74.4646,15.4152],[74.4566,15.4031],[74.4265,15.3986],[74.4219,15.4636],[74.4133,15.4741],[74.3749,15.4809],[74.3425,15.518],[74.2783,15.5229],[74.2783,15.5229],[74.2779,15.5463],[74.2617,15.5648],[74.2452,15.5668],[74.2644,15.6156],[74.2442,15.626],[74.2521,15.6543],[74.2366,15.6686],[74.2051,15.651],[74.2041,15.6637],[74.1869,15.6676],[74.1909,15.679],[74.181,15.6823],[74.1671,15.6719],[74.1644,15.6537],[74.1357,15.6484],[74.1264,15.6527],[74.1191,15.6524],[74.1181,15.652],[74.1184,15.652],[74.0986,15.6654],[74.0883,15.6699],[74.0907,15.6706],[74.1257,15.681],[74.1323,15.7025],[74.1221,15.7207],[74.1615,15.7513],[74.2015,15.7587],[74.2088,15.7809],[74.2091,15.7812],[74.221,15.7861],[74.2283,15.7867],[74.2336,15.787],[74.228,15.7675],[74.2276,15.761],[74.2396,15.7444],[74.2683,15.7548],[74.2872,15.7421],[74.308,15.7487],[74.3233,15.7727],[74.3458,15.7646],[74.362,15.7812],[74.3696,15.7939],[74.3699,15.802],[74.3617,15.816],[74.361,15.8176],[74.3607,15.818],[74.3832,15.8492],[74.3382,15.855],[74.3633,15.8749],[74.3633,15.8755],[74.3673,15.8895],[74.3686,15.8944],[74.3881,15.8544],[74.4063,15.8554],[74.3868,15.9051],[74.4308,15.9566],[74.4632,16.0392],[74.4622,16.0499],[74.4298,16.059],[74.3736,16.0366],[74.3775,16.0551],[74.3613,16.0538],[74.3722,16.0782],[74.3911,16.0805],[74.3901,16.0896],[74.4278,16.1121],[74.4834,16.0919],[74.4851,16.0945],[74.4894,16.1111],[74.4798,16.1472],[74.494,16.1866],[74.5013,16.1892],[74.5049,16.196],[74.4967,16.2139],[74.4963,16.2146],[74.496,16.2152],[74.5029,16.2259],[74.4943,16.2351],[74.4804,16.25],[74.4689,16.2403],[74.455,16.2533],[74.4176,16.2582],[74.4146,16.2826],[74.3828,16.2773],[74.3732,16.2617],[74.3593,16.2907],[74.3458,16.2936],[74.3504,16.2754],[74.3249,16.2718],[74.321,16.2845],[74.3428,16.2982],[74.3253,16.3138],[74.3289,16.3239],[74.3167,16.3265],[74.3226,16.3343],[74.3153,16.3401],[74.3272,16.3424],[74.3173,16.3811],[74.3249,16.3782],[74.3358,16.3938],[74.3534,16.3665],[74.3636,16.4052],[74.3352,16.4013],[74.3325,16.4547],[74.2895,16.4631],[74.2908,16.5048],[74.2796,16.5048],[74.2746,16.4856],[74.2607,16.48],[74.2475,16.497],[74.2779,16.5048],[74.2644,16.5399],[74.2707,16.548],[74.2713,16.5467],[74.2832,16.5246],[74.2918,16.534],[74.3014,16.5292],[74.3018,16.5292],[74.3061,16.5038],[74.3153,16.5048],[74.3157,16.5545],[74.3398,16.5477],[74.3564,16.5598],[74.358,16.5383],[74.3799,16.5285],[74.3967,16.5832],[74.4222,16.5845],[74.4354,16.6011],[74.4669,16.6069],[74.455,16.6473],[74.4689,16.6639],[74.4699,16.6622],[74.489,16.63],[74.5446,16.6356],[74.5436,16.5952],[74.5671,16.5855],[74.5562,16.5637],[74.5599,16.5607],[74.5704,16.5545],[74.6032,16.5672],[74.6188,16.5842],[74.6307,16.5838],[74.6389,16.6073],[74.6399,16.6102],[74.6399,16.6105],[74.6482,16.6099],[74.6872,16.6086],[74.6876,16.618],[74.6535,16.6388],[74.6651,16.6658],[74.6896,16.6769],[74.681,16.686],[74.6896,16.6863],[74.6886,16.7127],[74.6952,16.7136],[74.6955,16.7156],[74.7322,16.7182],[74.772,16.7507],[74.7958,16.7478],[74.8448,16.7618],[74.85,16.7729],[74.8656,16.7634],[74.8696,16.7742],[74.9195,16.7725],[74.9017,16.8627],[74.9606,16.8809],[74.9635,16.9095],[74.9556,16.9053],[74.9328,16.9189],[74.9308,16.9235],[74.9252,16.9349],[74.9232,16.9394],[74.9298,16.9417],[74.9344,16.9433],[74.9367,16.9443],[74.9645,16.9267],[74.9645,16.9476],[74.9903,16.9521],[74.9917,16.9518],[75.0267,16.944],[75.0254,16.928],[75.0893,16.9515],[75.0962,16.9137],[75.1174,16.9134],[75.1349,16.8949],[75.1366,16.8744],[75.1766,16.8679],[75.1892,16.8753],[75.1819,16.8435],[75.2144,16.8418],[75.2276,16.8431],[75.2379,16.8679],[75.2647,16.8627],[75.2822,16.8802],[75.2901,16.904],[75.2795,16.9235],[75.2795,16.9567],[75.3418,16.956]]]}},{"type":"Feature","properties":{"district":"Yadgir"},"geometry":{"type":"Polygon","coordinates":[[[76.4615,16.711],[76.4714,16.7117],[76.4813,16.712],[76.5028,16.7231],[76.5035,16.7413],[76.5164,16.7511],[76.5472,16.7478],[76.5965,16.7657],[76.6236,16.7657],[76.623,16.7426],[76.6355,16.7459],[76.6355,16.7351],[76.6587,16.725],[76.6527,16.7511],[76.6607,16.767],[76.6756,16.765],[76.6795,16.7849],[76.702,16.793],[76.7093,16.7807],[76.7348,16.7787],[76.7288,16.754],[76.7437,16.7517],[76.7451,16.7517],[76.7447,16.8158],[76.7547,16.8204],[76.76,16.8441],[76.7891,16.8373],[76.7911,16.85],[76.8132,16.8584],[76.8165,16.8737],[76.8414,16.8666],[76.8705,16.8958],[76.9016,16.8926],[76.9016,16.8783],[76.9208,16.8701],[76.9016,16.8548],[76.9108,16.8165],[76.9443,16.8311],[76.9826,16.8096],[76.985,16.8145],[76.9952,16.8373],[76.9833,16.8399],[76.98,16.8614],[77.0071,16.8578],[77.0415,16.8701],[77.0339,16.8932],[77.0177,16.8988],[77.0197,16.9274],[77.0412,16.9232],[77.065,16.9538],[77.065,16.9538],[77.0717,16.9398],[77.0862,16.9368],[77.0948,16.9062],[77.1256,16.918],[77.1603,16.9157],[77.1656,16.9388],[77.1842,16.9424],[77.1961,16.9267],[77.2113,16.945],[77.2421,16.943],[77.2629,16.9284],[77.2894,16.9372],[77.3115,16.9274],[77.3188,16.9365],[77.3417,16.9342],[77.3516,16.9079],[77.3767,16.8945],[77.4065,16.902],[77.4015,16.8831],[77.4111,16.8747],[77.425,16.8851],[77.4588,16.8848],[77.4604,16.8848],[77.4598,16.877],[77.4571,16.8301],[77.4767,16.7885],[77.4671,16.7803],[77.4396,16.7891],[77.4432,16.7624],[77.426,16.7215],[77.4386,16.7117],[77.4472,16.7208],[77.474,16.7166],[77.47,16.6876],[77.4641,16.6762],[77.4188,16.6687],[77.429,16.6509],[77.4389,16.6434],[77.4624,16.6544],[77.476,16.6502],[77.4538,16.6167],[77.4677,16.6099],[77.4621,16.5855],[77.4396,16.5871],[77.4221,16.5689],[77.4214,16.5682],[77.3929,16.5698],[77.4039,16.5513],[77.4191,16.549],[77.4171,16.522],[77.4168,16.5175],[77.3834,16.5149],[77.379,16.5139],[77.3691,16.4888],[77.3297,16.4859],[77.2986,16.4963],[77.294,16.4768],[77.2417,16.4732],[77.2503,16.4612],[77.2864,16.4111],[77.2884,16.4088],[77.2881,16.4088],[77.2728,16.4049],[77.2652,16.4042],[77.2616,16.4055],[77.2431,16.4176],[77.1749,16.4322],[77.1739,16.4325],[77.156,16.4726],[77.0922,16.4934],[77.0578,16.5197],[77.0134,16.4996],[77.0088,16.5386],[77.0098,16.5448],[77.0078,16.5464],[76.9992,16.5532],[76.9883,16.5617],[76.9833,16.5591],[76.974,16.5542],[76.9694,16.5516],[76.9694,16.5467],[76.9714,16.5038],[76.9118,16.4849],[76.8708,16.4892],[76.8698,16.4895],[76.8648,16.4569],[76.841,16.4306],[76.7854,16.4179],[76.7609,16.4286],[76.7444,16.4094],[76.6114,16.3418],[76.4797,16.2926],[76.4784,16.2923],[76.4704,16.2865],[76.3338,16.1957],[76.3321,16.195],[76.353,16.2354],[76.348,16.2777],[76.2997,16.2832],[76.303,16.319],[76.2924,16.3314],[76.3142,16.3453],[76.306,16.3811],[76.3106,16.3968],[76.3331,16.3912],[76.3331,16.3935],[76.3321,16.427],[76.3576,16.4221],[76.3854,16.4257],[76.3903,16.4381],[76.4347,16.4377],[76.4353,16.4377],[76.434,16.5188],[76.4049,16.643],[76.4254,16.6954],[76.4522,16.7143],[76.4621,16.7084],[76.4615,16.711]]]}},{"type":"Feature","properties":{"district":"Bagalkote"},"geometry":{"type":"Polygon","coordinates":[[[75.4516,15.8863],[75.438,15.8938],[75.4417,15.9185],[75.4248,15.9214],[75.4397,15.9666],[75.4318,15.9754],[75.438,16.0031],[75.4261,16.0093],[75.4169,16.046],[75.4185,16.0525],[75.445,16.0529],[75.4453,16.0691],[75.4311,16.0691],[75.4278,16.0929],[75.439,16.1156],[75.4159,16.1156],[75.4119,16.1306],[75.4046,16.114],[75.3553,16.1153],[75.3543,16.1287],[75.3279,16.1153],[75.2759,16.1202],[75.2924,16.1729],[75.2845,16.1765],[75.2858,16.2012],[75.2322,16.21],[75.2342,16.2595],[75.1482,16.2826],[75.1594,16.3209],[75.1488,16.3154],[75.1296,16.331],[75.0764,16.3317],[75.0433,16.3183],[75.035,16.3867],[75.0396,16.3981],[75.0731,16.4046],[75.078,16.4377],[75.0281,16.4335],[75.0178,16.4397],[75.0168,16.4586],[74.9884,16.4537],[74.9867,16.4664],[74.9887,16.5009],[75.0076,16.5383],[75.0668,16.5393],[75.0714,16.5676],[75.1138,16.5087],[75.1154,16.5061],[75.1412,16.5217],[75.1565,16.5311],[75.1621,16.5344],[75.1614,16.5399],[75.1571,16.5838],[75.1574,16.5842],[75.17,16.5991],[75.2213,16.617],[75.2587,16.6073],[75.2587,16.6079],[75.2683,16.6411],[75.2656,16.6925],[75.2756,16.7026],[75.2891,16.7149],[75.3626,16.7143],[75.3662,16.7602],[75.3844,16.7634],[75.405,16.7657],[75.4218,16.7673],[75.492,16.7442],[75.4883,16.6944],[75.4377,16.6977],[75.4622,16.6225],[75.4936,16.5933],[75.4725,16.5633],[75.4883,16.5552],[75.486,16.5087],[75.4556,16.5067],[75.4632,16.4739],[75.4347,16.4335],[75.4327,16.4309],[75.4463,16.4159],[75.448,16.414],[75.449,16.4133],[75.487,16.4176],[75.4877,16.4186],[75.489,16.4202],[75.4986,16.4306],[75.4993,16.4537],[75.5347,16.4657],[75.5522,16.456],[75.5568,16.4247],[75.5664,16.4153],[75.5684,16.4133],[75.5701,16.4117],[75.5995,16.4465],[75.6336,16.4439],[75.721,16.3909],[75.8103,16.3704],[75.9562,16.2972],[76.0264,16.3008],[76.0654,16.2621],[76.0644,16.238],[76.0578,16.2276],[76.0634,16.2165],[76.0671,16.209],[76.0677,16.2077],[76.1392,16.181],[76.17,16.1846],[76.1938,16.1784],[76.2385,16.1651],[76.2381,16.1615],[76.2375,16.1609],[76.2342,16.1306],[76.2464,16.128],[76.2557,16.0971],[76.2679,16.1098],[76.3324,16.0919],[76.3281,16.0776],[76.2689,16.0867],[76.2573,16.0883],[76.2577,16.086],[76.259,16.074],[76.3033,16.0734],[76.3119,16.0001],[76.298,15.9992],[76.298,15.9894],[76.3278,15.9338],[76.3123,15.9227],[76.2855,15.9289],[76.2848,15.9029],[76.2818,15.9032],[76.262,15.9068],[76.257,15.9227],[76.2299,15.9234],[76.2266,15.9409],[76.2004,15.9439],[76.1998,15.9351],[76.1607,15.9211],[76.1452,15.8954],[76.1174,15.8863],[76.1011,15.9006],[76.0581,15.9074],[76.0581,15.9074],[76.0846,15.9962],[76.079,16.0109],[76.0565,16.0093],[75.9896,16.0054],[75.9738,15.9865],[75.9738,15.9686],[75.9744,15.8619],[75.9738,15.8619],[75.9284,15.8755],[75.9142,15.9123],[75.9016,15.9237],[75.8917,15.9162],[75.8771,15.9315],[75.7885,15.925],[75.7736,15.9025],[75.7736,15.9025],[75.8103,15.8938],[75.8275,15.9003],[75.8354,15.8824],[75.8282,15.8664],[75.8487,15.872],[75.847,15.8391],[75.847,15.8391],[75.847,15.8388],[75.8,15.8576],[75.7977,15.8479],[75.7802,15.8489],[75.7795,15.8173],[75.7448,15.8127],[75.7425,15.814],[75.7368,15.8134],[75.6905,15.83],[75.6872,15.83],[75.6832,15.8303],[75.6769,15.8222],[75.676,15.8212],[75.6723,15.8362],[75.6568,15.8267],[75.6425,15.8414],[75.6313,15.831],[75.6177,15.8355],[75.6167,15.8212],[75.5873,15.8332],[75.577,15.8248],[75.5664,15.8385],[75.5532,15.8258],[75.5522,15.8248],[75.5565,15.8326],[75.53,15.8349],[75.5125,15.8515],[75.5198,15.8576],[75.5022,15.8583],[75.4979,15.8723],[75.4787,15.871],[75.4516,15.8863]]]}},{"type":"Feature","properties":{"district":"Raichur"},"geometry":{"type":"Polygon","coordinates":[[[76.3321,16.195],[76.3338,16.1957],[76.4704,16.2865],[76.4784,16.2923],[76.4797,16.2926],[76.6114,16.3418],[76.7444,16.4094],[76.7609,16.4286],[76.7854,16.4179],[76.841,16.4306],[76.8648,16.4569],[76.8698,16.4895],[76.8708,16.4892],[76.9118,16.4849],[76.9714,16.5038],[76.9694,16.5467],[76.9694,16.5516],[76.974,16.5542],[76.9833,16.5591],[76.9883,16.5617],[76.9992,16.5532],[77.0078,16.5464],[77.0098,16.5448],[77.0088,16.5386],[77.0134,16.4996],[77.0578,16.5197],[77.0922,16.4934],[77.156,16.4726],[77.1739,16.4325],[77.1749,16.4322],[77.2431,16.4176],[77.2616,16.4055],[77.2652,16.4042],[77.2728,16.4049],[77.2881,16.4088],[77.294,16.4068],[77.2973,16.4072],[77.3082,16.4023],[77.3632,16.3844],[77.3787,16.3854],[77.4052,16.371],[77.4141,16.3681],[77.426,16.3707],[77.4892,16.385],[77.4892,16.385],[77.4892,16.385],[77.5071,16.3802],[77.5227,16.3763],[77.523,16.3759],[77.5233,16.3759],[77.5637,16.3476],[77.5948,16.3431],[77.5945,16.3424],[77.5888,16.3343],[77.5885,16.334],[77.5958,16.3017],[77.5978,16.2933],[77.5978,16.2933],[77.5634,16.3017],[77.5452,16.2917],[77.5369,16.2669],[77.522,16.278],[77.5048,16.2757],[77.4902,16.2552],[77.4922,16.2292],[77.5157,16.2279],[77.5011,16.2217],[77.4863,16.1632],[77.4899,16.1196],[77.5134,16.1082],[77.5008,16.1062],[77.4935,16.0864],[77.5068,16.0795],[77.4939,16.0369],[77.5141,16.008],[77.5134,15.9279],[77.4297,15.9491],[77.3794,15.94],[77.249,15.9647],[77.153,15.9491],[77.1524,15.9491],[77.1497,15.9481],[77.0763,15.912],[77.0726,15.9104],[77.072,15.9094],[77.0498,15.8752],[77.0253,15.8375],[77.0257,15.8375],[77.0257,15.8375],[77.0253,15.8375],[76.9959,15.8056],[76.9429,15.762],[76.9168,15.6995],[76.8893,15.6849],[76.8576,15.6423],[76.8344,15.6279],[76.8347,15.5642],[76.8109,15.5476],[76.759,15.5668],[76.7497,15.5883],[76.6888,15.5957],[76.6795,15.6127],[76.6805,15.627],[76.6934,15.6247],[76.6905,15.6481],[76.6703,15.639],[76.6719,15.6582],[76.5995,15.6738],[76.5972,15.6995],[76.532,15.6992],[76.5105,15.7168],[76.4916,15.7073],[76.4473,15.7343],[76.4396,15.7844],[76.4128,15.7968],[76.4516,15.8459],[76.4181,15.869],[76.4267,15.8902],[76.3751,15.9022],[76.3735,15.9175],[76.3536,15.9029],[76.3589,15.8817],[76.3513,15.8638],[76.3381,15.8716],[76.345,15.9006],[76.3159,15.9051],[76.3136,15.8947],[76.2904,15.8928],[76.2898,15.8928],[76.2898,15.8934],[76.2818,15.9032],[76.2848,15.9029],[76.2855,15.9289],[76.3123,15.9227],[76.3278,15.9338],[76.298,15.9894],[76.298,15.9992],[76.3119,16.0001],[76.3033,16.0734],[76.259,16.074],[76.2577,16.086],[76.2573,16.0883],[76.2689,16.0867],[76.3281,16.0776],[76.3324,16.0919],[76.2679,16.1098],[76.2557,16.0971],[76.2464,16.128],[76.2342,16.1306],[76.2375,16.1609],[76.2381,16.1615],[76.2385,16.1651],[76.2405,16.1648],[76.2805,16.1527],[76.298,16.1849],[76.3314,16.1941],[76.3321,16.195]]]}},{"type":"Feature","properties":{"district":"Koppal"},"geometry":{"type":"Polygon","coordinates":[[[75.847,15.8391],[75.847,15.8391],[75.8487,15.872],[75.8282,15.8664],[75.8354,15.8824],[75.8275,15.9003],[75.8103,15.8938],[75.7736,15.9025],[75.7736,15.9025],[75.7885,15.925],[75.8771,15.9315],[75.8917,15.9162],[75.9016,15.9237],[75.9142,15.9123],[75.9284,15.8755],[75.9738,15.8619],[75.9744,15.8619],[75.9738,15.9686],[75.9738,15.9865],[75.9896,16.0054],[76.0565,16.0093],[76.079,16.0109],[76.0846,15.9962],[76.0581,15.9074],[76.0581,15.9074],[76.1011,15.9006],[76.1174,15.8863],[76.1452,15.8954],[76.1607,15.9211],[76.1998,15.9351],[76.2004,15.9439],[76.2266,15.9409],[76.2299,15.9234],[76.257,15.9227],[76.262,15.9068],[76.2818,15.9032],[76.2898,15.8934],[76.2898,15.8928],[76.2904,15.8928],[76.3136,15.8947],[76.3159,15.9051],[76.345,15.9006],[76.3381,15.8716],[76.3513,15.8638],[76.3589,15.8817],[76.3536,15.9029],[76.3735,15.9175],[76.3751,15.9022],[76.4267,15.8902],[76.4181,15.869],[76.4516,15.8459],[76.4128,15.7968],[76.4396,15.7844],[76.4473,15.7343],[76.4916,15.7073],[76.5105,15.7168],[76.532,15.6992],[76.5972,15.6995],[76.5995,15.6738],[76.6719,15.6582],[76.6703,15.639],[76.6905,15.6481],[76.6934,15.6247],[76.6805,15.627],[76.6795,15.6127],[76.6888,15.5957],[76.7497,15.5883],[76.759,15.5668],[76.8109,15.5476],[76.8116,15.5141],[76.8099,15.5125],[76.7914,15.5004],[76.709,15.4887],[76.6666,15.4503],[76.6124,15.4428],[76.5925,15.4129],[76.5551,15.3966],[76.4933,15.3449],[76.477,15.3494],[76.4046,15.3257],[76.3639,15.3283],[76.3338,15.2636],[76.303,15.2557],[76.2914,15.2232],[76.2573,15.2063],[76.2491,15.1907],[76.2189,15.1965],[76.2312,15.2313],[76.1875,15.2349],[76.16,15.2151],[76.1561,15.1959],[76.1117,15.1988],[76.0939,15.1627],[76.0568,15.1568],[76.0465,15.1487],[76.0353,15.1451],[75.9784,15.1529],[75.9526,15.1383],[75.9516,15.1383],[75.9483,15.1731],[75.9248,15.1825],[75.9245,15.206],[75.9119,15.2405],[75.9,15.2453],[75.8993,15.2766],[75.8887,15.2906],[75.8874,15.3534],[75.9029,15.3543],[75.9039,15.4028],[75.8659,15.4077],[75.8589,15.4441],[75.8262,15.4513],[75.8239,15.4516],[75.8202,15.4604],[75.8119,15.4812],[75.8096,15.4867],[75.8136,15.489],[75.8242,15.4959],[75.8192,15.5079],[75.8603,15.5138],[75.8669,15.5961],[75.8976,15.6071],[75.8983,15.625],[75.8857,15.6338],[75.8874,15.6683],[75.8712,15.6725],[75.8712,15.7145],[75.8871,15.7168],[75.8831,15.7376],[75.8973,15.7506],[75.9016,15.7487],[75.9026,15.748],[75.9106,15.7444],[75.9106,15.7389],[75.9215,15.7262],[75.9155,15.6976],[75.9403,15.6933],[75.9436,15.6764],[75.9671,15.679],[75.9671,15.6787],[75.9681,15.6644],[76.0111,15.6624],[76.0141,15.6803],[75.9833,15.6673],[75.9843,15.6937],[76.0049,15.7155],[76.0234,15.7093],[76.0416,15.7184],[76.0413,15.7285],[76.0389,15.7685],[76.032,15.7724],[75.9946,15.7809],[75.9843,15.8023],[75.9638,15.7945],[75.9608,15.7838],[75.9291,15.7909],[75.847,15.8391]]]}},{"type":"Feature","properties":{"district":"Gadag"},"geometry":{"type":"Polygon","coordinates":[[[75.2895,15.6907],[75.2789,15.6885],[75.2742,15.7177],[75.2746,15.7405],[75.2938,15.7412],[75.2991,15.7288],[75.2997,15.7275],[75.3143,15.7301],[75.3183,15.7451],[75.3183,15.7646],[75.306,15.7659],[75.3037,15.8127],[75.3249,15.8111],[75.3394,15.8277],[75.3411,15.8049],[75.3646,15.8049],[75.3748,15.8453],[75.4245,15.842],[75.4142,15.7848],[75.437,15.7786],[75.4579,15.8186],[75.4539,15.8811],[75.4519,15.8827],[75.4516,15.8863],[75.4787,15.871],[75.4979,15.8723],[75.5022,15.8583],[75.5198,15.8576],[75.5125,15.8515],[75.53,15.8349],[75.5565,15.8326],[75.5522,15.8248],[75.5532,15.8258],[75.5664,15.8385],[75.577,15.8248],[75.5873,15.8332],[75.6167,15.8212],[75.6177,15.8355],[75.6313,15.831],[75.6425,15.8414],[75.6568,15.8267],[75.6723,15.8362],[75.676,15.8212],[75.6769,15.8222],[75.6832,15.8303],[75.6872,15.83],[75.6905,15.83],[75.7368,15.8134],[75.7425,15.814],[75.7448,15.8127],[75.7795,15.8173],[75.7802,15.8489],[75.7977,15.8479],[75.8,15.8576],[75.847,15.8388],[75.847,15.8391],[75.9291,15.7909],[75.9608,15.7838],[75.9638,15.7945],[75.9843,15.8023],[75.9946,15.7809],[76.032,15.7724],[76.0389,15.7685],[76.0413,15.7285],[76.0416,15.7184],[76.0234,15.7093],[76.0049,15.7155],[75.9843,15.6937],[75.9833,15.6673],[76.0141,15.6803],[76.0111,15.6624],[75.9681,15.6644],[75.9671,15.6787],[75.9671,15.679],[75.9436,15.6764],[75.9403,15.6933],[75.9155,15.6976],[75.9215,15.7262],[75.9106,15.7389],[75.9106,15.7444],[75.9026,15.748],[75.9016,15.7487],[75.8973,15.7506],[75.8831,15.7376],[75.8871,15.7168],[75.8712,15.7145],[75.8712,15.6725],[75.8874,15.6683],[75.8857,15.6338],[75.8983,15.625],[75.8976,15.6071],[75.8669,15.5961],[75.8603,15.5138],[75.8192,15.5079],[75.8242,15.4959],[75.8136,15.489],[75.8096,15.4867],[75.8119,15.4812],[75.8202,15.4604],[75.8239,15.4516],[75.8262,15.4513],[75.8589,15.4441],[75.8659,15.4077],[75.9039,15.4028],[75.9029,15.3543],[75.8874,15.3534],[75.8887,15.2906],[75.8993,15.2766],[75.9,15.2453],[75.9119,15.2405],[75.9245,15.206],[75.9248,15.1825],[75.9483,15.1731],[75.9516,15.1383],[75.9281,15.1419],[75.9023,15.1318],[75.8847,15.1077],[75.8857,15.1067],[75.9089,15.0768],[75.9043,15.0589],[75.8838,15.0524],[75.8738,15.0355],[75.846,15.0449],[75.8331,15.0287],[75.8076,15.0244],[75.7848,15.0023],[75.7792,14.9772],[75.7408,14.9454],[75.7203,14.9512],[75.7084,14.9476],[75.7011,14.9486],[75.6915,14.973],[75.6898,14.974],[75.6862,14.9763],[75.6687,14.9867],[75.6584,14.988],[75.6319,14.9916],[75.6091,14.973],[75.6108,14.9584],[75.5979,14.9548],[75.5654,14.9792],[75.5413,14.9789],[75.5429,15.0137],[75.533,15.0345],[75.4953,15.0472],[75.4612,15.0439],[75.4486,15.0609],[75.4172,15.0615],[75.4165,15.0849],[75.4334,15.1093],[75.4033,15.1715],[75.3957,15.1656],[75.399,15.2014],[75.4331,15.1988],[75.4331,15.2099],[75.4493,15.2082],[75.4404,15.2271],[75.4159,15.2346],[75.4165,15.2626],[75.403,15.2603],[75.402,15.2733],[75.4169,15.2749],[75.4063,15.2775],[75.4126,15.2997],[75.4496,15.3019],[75.4576,15.342],[75.4447,15.3862],[75.4688,15.3859],[75.4754,15.3956],[75.4923,15.3686],[75.4953,15.4698],[75.487,15.4894],[75.4718,15.4926],[75.4751,15.5167],[75.4817,15.5316],[75.5294,15.5378],[75.5343,15.5915],[75.5545,15.6471],[75.5026,15.6475],[75.4877,15.7025],[75.4685,15.7008],[75.4701,15.6842],[75.4476,15.6823],[75.4132,15.6553],[75.3626,15.6686],[75.3596,15.6455],[75.3358,15.6488],[75.3371,15.6738],[75.2938,15.6917],[75.2895,15.6907]]]}},{"type":"Feature","properties":{"district":"Ballari"},"geometry":{"type":"Polygon","coordinates":[[[76.8109,15.5476],[76.8347,15.5642],[76.8344,15.6279],[76.8576,15.6423],[76.8893,15.6849],[76.9168,15.6995],[76.9429,15.762],[76.9959,15.8056],[77.0253,15.8375],[77.0257,15.8375],[77.0654,15.8274],[77.0673,15.7877],[77.0485,15.7461],[77.0458,15.7405],[77.0491,15.7304],[77.0796,15.7275],[77.0789,15.7161],[77.0875,15.7155],[77.0786,15.6953],[77.1289,15.666],[77.1216,15.6312],[77.0832,15.6592],[77.0306,15.6345],[77.03,15.5027],[76.9747,15.5105],[76.9757,15.4946],[76.9757,15.4923],[77.0319,15.4357],[77.0293,15.4044],[77.0472,15.3901],[77.0419,15.3618],[77.065,15.3436],[77.0637,15.328],[77.113,15.3338],[77.1183,15.2948],[77.1517,15.2925],[77.1471,15.273],[77.1673,15.2636],[77.1673,15.2632],[77.1438,15.2574],[77.1262,15.2401],[77.1253,15.2271],[77.1517,15.2161],[77.159,15.2027],[77.1653,15.1835],[77.163,15.1575],[77.1408,15.1585],[77.1385,15.1471],[77.1378,15.1435],[77.1501,15.1429],[77.157,15.1406],[77.1521,15.1191],[77.1302,15.1009],[77.113,15.0342],[77.0849,15.0306],[77.0826,15.0062],[77.0442,15.0098],[77.0495,15.0332],[77.0041,15.0339],[76.9859,15.0264],[76.9853,15.0153],[76.9184,15.0355],[76.8771,15.0303],[76.8658,15.0596],[76.8361,15.0794],[76.8003,15.096],[76.7768,15.0784],[76.7735,15.0592],[76.7901,15.0208],[76.7735,14.9929],[76.7606,14.9899],[76.7609,14.9893],[76.7341,14.9854],[76.7318,15.0134],[76.7305,15.027],[76.7219,15.0329],[76.7037,15.0335],[76.7017,15.0163],[76.7017,15.016],[76.6881,15.0251],[76.6733,15.0192],[76.6888,14.9786],[76.7153,14.973],[76.7153,14.9727],[76.7153,14.9717],[76.7166,14.948],[76.7133,14.9444],[76.6971,14.9275],[76.66,14.9418],[76.663,14.9262],[76.6653,14.9161],[76.6772,14.9112],[76.6779,14.8871],[76.6974,14.8881],[76.7133,14.8653],[76.7133,14.8653],[76.7116,14.8373],[76.7418,14.8185],[76.7047,14.8178],[76.6676,14.7938],[76.667,14.7752],[76.6488,14.7563],[76.6448,14.7131],[76.6084,14.6877],[76.6107,14.6688],[76.5981,14.6695],[76.5975,14.6535],[76.612,14.6483],[76.5962,14.6308],[76.6008,14.621],[76.5852,14.6174],[76.5674,14.5875],[76.5346,14.5611],[76.5343,14.5608],[76.5333,14.5611],[76.5108,14.5605],[76.5052,14.5654],[76.4238,14.5816],[76.432,14.6184],[76.3937,14.6268],[76.39,14.6486],[76.3745,14.6467],[76.3794,14.662],[76.343,14.6659],[76.3357,14.6867],[76.3334,14.6877],[76.2795,14.6848],[76.263,14.6965],[76.255,14.6971],[76.2305,14.6493],[76.1839,14.7004],[76.2011,14.7391],[76.1925,14.7684],[76.1809,14.7641],[76.169,14.7853],[76.1495,14.784],[76.1428,14.7931],[76.1465,14.8234],[76.1607,14.8299],[76.1945,14.8208],[76.1908,14.8465],[76.1594,14.8471],[76.1548,14.8611],[76.1306,14.8608],[76.1289,14.8692],[76.0727,14.8689],[76.0664,14.8839],[76.0846,14.9135],[76.0512,14.9161],[76.0452,14.9307],[76.0128,14.8962],[76.0105,14.9053],[75.9972,14.8982],[75.9847,14.9083],[75.9771,14.8985],[75.9658,14.9086],[75.8732,14.8679],[75.8692,14.8543],[75.8536,14.8637],[75.854,14.8835],[75.8321,14.8835],[75.8159,14.8998],[75.8017,14.8689],[75.8093,14.8373],[75.8146,14.8318],[75.8179,14.8344],[75.8298,14.8165],[75.8331,14.8113],[75.8341,14.81],[75.8331,14.8074],[75.8262,14.7817],[75.8252,14.7791],[75.8242,14.7788],[75.7987,14.769],[75.7729,14.7918],[75.7597,14.7752],[75.7564,14.7397],[75.759,14.7342],[75.7388,14.73],[75.718,14.7196],[75.708,14.7238],[75.7067,14.7241],[75.7044,14.7251],[75.7223,14.772],[75.6918,14.7824],[75.6743,14.7977],[75.665,14.8061],[75.664,14.8071],[75.6902,14.8569],[75.7127,14.8526],[75.7329,14.8637],[75.7392,14.8875],[75.7282,14.8975],[75.6961,14.892],[75.6836,14.9379],[75.6829,14.9402],[75.6915,14.9428],[75.7011,14.9486],[75.7084,14.9476],[75.7203,14.9512],[75.7408,14.9454],[75.7792,14.9772],[75.7848,15.0023],[75.8076,15.0244],[75.8331,15.0287],[75.846,15.0449],[75.8738,15.0355],[75.8838,15.0524],[75.9043,15.0589],[75.9089,15.0768],[75.8857,15.1067],[75.8847,15.1077],[75.9023,15.1318],[75.9281,15.1419],[75.9516,15.1383],[75.9526,15.1383],[75.9784,15.1529],[76.0353,15.1451],[76.0465,15.1487],[76.0568,15.1568],[76.0939,15.1627],[76.1117,15.1988],[76.1561,15.1959],[76.16,15.2151],[76.1875,15.2349],[76.2312,15.2313],[76.2189,15.1965],[76.2491,15.1907],[76.2573,15.2063],[76.2914,15.2232],[76.303,15.2557],[76.3338,15.2636],[76.3639,15.3283],[76.4046,15.3257],[76.477,15.3494],[76.4933,15.3449],[76.5551,15.3966],[76.5925,15.4129],[76.6124,15.4428],[76.6666,15.4503],[76.709,15.4887],[76.7914,15.5004],[76.8099,15.5125],[76.8116,15.5141],[76.8109,15.5476]]]}},{"type":"Feature","properties":{"district":"Dharwad"},"geometry":{"type":"Polygon","coordinates":[[[74.7392,15.4142],[74.7296,15.4314],[74.7445,15.4636],[74.7273,15.489],[74.7488,15.4962],[74.7782,15.4594],[74.7868,15.4861],[74.814,15.505],[74.7981,15.5486],[74.8411,15.5749],[74.8305,15.6104],[74.8788,15.6179],[74.9023,15.6319],[74.9652,15.6273],[74.9665,15.6543],[75.0195,15.6439],[75.0284,15.6699],[75.0469,15.6706],[75.0486,15.6777],[75.0598,15.682],[75.0565,15.6325],[75.0919,15.6078],[75.1081,15.6719],[75.2028,15.6491],[75.2028,15.6816],[75.2362,15.679],[75.2491,15.6471],[75.2739,15.6488],[75.2779,15.6872],[75.2895,15.6907],[75.2938,15.6917],[75.3371,15.6738],[75.3358,15.6488],[75.3596,15.6455],[75.3626,15.6686],[75.4132,15.6553],[75.4476,15.6823],[75.4701,15.6842],[75.4685,15.7008],[75.4877,15.7025],[75.5026,15.6475],[75.5545,15.6471],[75.5343,15.5915],[75.5294,15.5378],[75.4817,15.5316],[75.4751,15.5167],[75.4718,15.4926],[75.487,15.4894],[75.4953,15.4698],[75.4923,15.3686],[75.4754,15.3956],[75.4688,15.3859],[75.4447,15.3862],[75.4576,15.342],[75.4496,15.3019],[75.4126,15.2997],[75.4063,15.2775],[75.4169,15.2749],[75.402,15.2733],[75.403,15.2603],[75.4165,15.2626],[75.4159,15.2346],[75.4404,15.2271],[75.4493,15.2082],[75.4331,15.2099],[75.4331,15.1988],[75.399,15.2014],[75.3957,15.1656],[75.4033,15.1715],[75.4334,15.1093],[75.4165,15.0849],[75.4165,15.0596],[75.3692,15.0501],[75.3441,15.067],[75.3331,15.0866],[75.3507,15.1002],[75.35,15.1006],[75.3447,15.1058],[75.3371,15.1132],[75.3365,15.1617],[75.307,15.1552],[75.3097,15.1383],[75.2872,15.137],[75.2607,15.1185],[75.2534,15.098],[75.2388,15.109],[75.1882,15.098],[75.1581,15.1015],[75.1588,15.1097],[75.1392,15.1045],[75.133,15.1191],[75.1528,15.1458],[75.1409,15.1604],[75.1396,15.1581],[75.132,15.1448],[75.1042,15.1412],[75.1045,15.1406],[75.1134,15.1171],[75.0774,15.1103],[75.082,15.0745],[75.0582,15.0723],[75.0542,15.083],[75.0128,15.0683],[74.9407,15.0664],[74.9404,15.0518],[74.9301,15.0462],[74.9169,15.0387],[74.9083,15.0508],[74.8888,15.0505],[74.8785,15.0739],[74.8921,15.097],[74.8901,15.0973],[74.8593,15.1028],[74.8388,15.1282],[74.8328,15.1354],[74.8418,15.1536],[74.8775,15.1933],[74.8732,15.2164],[74.9103,15.2512],[74.9053,15.2785],[74.9043,15.2821],[74.8888,15.3072],[74.8739,15.2984],[74.8762,15.3166],[74.8537,15.3413],[74.8285,15.3407],[74.8193,15.3703],[74.8309,15.3729],[74.8209,15.3852],[74.7951,15.3787],[74.7653,15.3996],[74.7667,15.4158],[74.7667,15.4171],[74.7402,15.4145],[74.7392,15.4142]]]}},{"type":"Feature","properties":{"district":"Uttara Kannada"},"geometry":{"type":"Polygon","coordinates":[[[74.2783,15.5229],[74.2783,15.5229],[74.3425,15.518],[74.3749,15.4809],[74.4133,15.4741],[74.4219,15.4636],[74.4265,15.3986],[74.4566,15.4031],[74.4646,15.4152],[74.4828,15.396],[74.5446,15.4168],[74.6141,15.3586],[74.6495,15.3901],[74.6896,15.3979],[74.6995,15.41],[74.7409,15.4109],[74.7392,15.4142],[74.7402,15.4145],[74.7667,15.4171],[74.7667,15.4158],[74.7653,15.3996],[74.7951,15.3787],[74.8209,15.3852],[74.8309,15.3729],[74.8193,15.3703],[74.8285,15.3407],[74.8537,15.3413],[74.8762,15.3166],[74.8739,15.2984],[74.8888,15.3072],[74.9043,15.2821],[74.9053,15.2785],[74.9103,15.2512],[74.8732,15.2164],[74.8775,15.1933],[74.8418,15.1536],[74.8328,15.1354],[74.8388,15.1282],[74.8593,15.1028],[74.8901,15.0973],[74.8921,15.097],[74.8785,15.0739],[74.8888,15.0505],[74.9083,15.0508],[74.9169,15.0387],[74.9301,15.0462],[74.9404,15.0518],[74.9407,15.0664],[75.0128,15.0683],[75.0542,15.083],[75.0582,15.0723],[75.082,15.0745],[75.0694,15.0153],[75.0764,14.974],[75.084,14.9564],[75.0989,14.9564],[75.1028,14.9343],[75.0674,14.9187],[75.0744,14.8689],[75.0684,14.8393],[75.0916,14.8113],[75.0555,14.8146],[75.0701,14.783],[75.0413,14.7739],[75.0473,14.7446],[75.0383,14.728],[75.0152,14.7205],[75.0171,14.7098],[75.032,14.7079],[75.031,14.6649],[75.0509,14.6496],[75.0261,14.6109],[75.0234,14.5878],[75.0231,14.5673],[75.0324,14.5579],[75.0615,14.5436],[75.037,14.5296],[75.0406,14.5003],[75.0185,14.4967],[74.9897,14.4726],[74.9907,14.5013],[74.9718,14.5208],[74.9798,14.5244],[74.9768,14.5488],[74.9543,14.5514],[74.9357,14.5188],[74.9268,14.5289],[74.901,14.5292],[74.8894,14.4795],[74.9209,14.4593],[74.8904,14.4619],[74.8745,14.4476],[74.8788,14.4355],[74.9172,14.4316],[74.9338,14.404],[74.9473,14.3994],[74.9487,14.3991],[74.9477,14.3949],[74.9394,14.3584],[74.9745,14.3376],[74.9751,14.3327],[74.9755,14.3292],[74.9768,14.3197],[74.9725,14.3194],[74.9659,14.3191],[74.9225,14.3158],[74.9175,14.3093],[74.9083,14.2872],[74.9089,14.2833],[74.9129,14.2781],[74.9265,14.2774],[74.9268,14.2764],[74.9271,14.2768],[74.9275,14.2751],[74.9344,14.2475],[74.9354,14.2433],[74.9314,14.241],[74.9086,14.2276],[74.8901,14.2169],[74.8778,14.2159],[74.8732,14.2413],[74.8534,14.2114],[74.8322,14.2299],[74.7918,14.2273],[74.7637,14.2381],[74.7299,14.2638],[74.716,14.2332],[74.7187,14.214],[74.7478,14.1427],[74.6654,14.1844],[74.6254,14.1626],[74.629,14.1444],[74.6449,14.1421],[74.6462,14.1144],[74.6558,14.1134],[74.6373,14.0946],[74.6608,14.0585],[74.6552,14.0393],[74.6777,14.0347],[74.6664,13.9869],[74.6651,13.9823],[74.6442,13.9576],[74.6475,13.9404],[74.6472,13.9404],[74.6303,13.9456],[74.5972,13.9316],[74.5956,13.9413],[74.5827,13.9257],[74.5688,13.9501],[74.5493,13.9482],[74.5152,13.9869],[74.4695,14.1883],[74.4414,14.2244],[74.3944,14.4186],[74.3825,14.4212],[74.3838,14.4394],[74.3554,14.5091],[74.31,14.5214],[74.3147,14.5458],[74.27,14.6272],[74.2819,14.6272],[74.2855,14.6457],[74.2723,14.7001],[74.2568,14.7079],[74.263,14.7192],[74.2343,14.7482],[74.2276,14.7375],[74.2048,14.7368],[74.2084,14.7179],[74.2018,14.7199],[74.1777,14.7505],[74.1522,14.7472],[74.1575,14.7599],[74.1416,14.7794],[74.1191,14.7746],[74.1181,14.7859],[74.093,14.8042],[74.1132,14.8051],[74.1132,14.797],[74.1247,14.8055],[74.1251,14.8406],[74.1118,14.8497],[74.0959,14.8982],[74.0857,14.9008],[74.1241,14.9249],[74.1618,14.9119],[74.1542,14.9434],[74.1634,14.9581],[74.1648,14.9581],[74.1793,14.9568],[74.2015,14.9255],[74.2366,14.9665],[74.2525,14.9587],[74.2644,14.9786],[74.2534,14.9977],[74.268,15.0017],[74.2965,15.0413],[74.2726,15.0976],[74.2849,15.1139],[74.2852,15.1487],[74.317,15.1864],[74.3018,15.2245],[74.2597,15.2411],[74.2515,15.2587],[74.2763,15.2831],[74.3262,15.2834],[74.3362,15.2948],[74.317,15.3293],[74.3233,15.3677],[74.276,15.3917],[74.269,15.4191],[74.2756,15.4493],[74.2511,15.4913],[74.2511,15.4916],[74.2783,15.5229]]]}},{"type":"Feature","properties":{"district":"Haveri"},"geometry":{"type":"Polygon","coordinates":[[[75.4165,15.0849],[75.4172,15.0615],[75.4486,15.0609],[75.4612,15.0439],[75.4953,15.0472],[75.533,15.0345],[75.5429,15.0137],[75.5413,14.9789],[75.5654,14.9792],[75.5979,14.9548],[75.6108,14.9584],[75.6091,14.973],[75.6319,14.9916],[75.6584,14.988],[75.6687,14.9867],[75.6862,14.9763],[75.6898,14.974],[75.6915,14.973],[75.7011,14.9486],[75.6915,14.9428],[75.6829,14.9402],[75.6836,14.9379],[75.6961,14.892],[75.7282,14.8975],[75.7392,14.8875],[75.7329,14.8637],[75.7127,14.8526],[75.6902,14.8569],[75.664,14.8071],[75.665,14.8061],[75.6743,14.7977],[75.6918,14.7824],[75.7223,14.772],[75.7044,14.7251],[75.7067,14.7241],[75.708,14.7238],[75.718,14.7196],[75.7388,14.73],[75.759,14.7342],[75.7636,14.7251],[75.764,14.7228],[75.7623,14.7209],[75.7401,14.6942],[75.7378,14.6913],[75.7398,14.69],[75.7636,14.6753],[75.7977,14.6812],[75.8033,14.6698],[75.8103,14.6519],[75.8047,14.5985],[75.8186,14.565],[75.7997,14.5413],[75.7974,14.511],[75.7577,14.5146],[75.7157,14.4723],[75.6898,14.4918],[75.6617,14.4518],[75.6548,14.4638],[75.6369,14.4655],[75.6303,14.4447],[75.6429,14.4313],[75.623,14.3441],[75.6333,14.3171],[75.6108,14.3158],[75.6035,14.293],[75.5823,14.2784],[75.5357,14.2774],[75.533,14.2774],[75.534,14.2895],[75.5026,14.308],[75.5009,14.3444],[75.4764,14.3438],[75.4774,14.3174],[75.3487,14.388],[75.3593,14.4092],[75.3778,14.4079],[75.3821,14.4336],[75.3646,14.4417],[75.356,14.4284],[75.3401,14.4359],[75.3461,14.4853],[75.3196,14.5136],[75.2676,14.5149],[75.268,14.5279],[75.2971,14.5406],[75.2653,14.5797],[75.2435,14.578],[75.2405,14.5549],[75.2253,14.5676],[75.2273,14.5839],[75.2074,14.5722],[75.1842,14.5859],[75.1816,14.5979],[75.2051,14.5976],[75.2054,14.6376],[75.1879,14.6226],[75.1654,14.6334],[75.1601,14.6174],[75.0995,14.6529],[75.0727,14.6552],[75.0509,14.6496],[75.031,14.6649],[75.032,14.7079],[75.0171,14.7098],[75.0152,14.7205],[75.0383,14.728],[75.0473,14.7446],[75.0413,14.7739],[75.0701,14.783],[75.0555,14.8146],[75.0916,14.8113],[75.0684,14.8393],[75.0744,14.8689],[75.0674,14.9187],[75.1028,14.9343],[75.0989,14.9564],[75.084,14.9564],[75.0764,14.974],[75.0694,15.0153],[75.082,15.0745],[75.0774,15.1103],[75.1134,15.1171],[75.1045,15.1406],[75.1042,15.1412],[75.132,15.1448],[75.1396,15.1581],[75.1409,15.1604],[75.1528,15.1458],[75.133,15.1191],[75.1392,15.1045],[75.1588,15.1097],[75.1581,15.1015],[75.1882,15.098],[75.2388,15.109],[75.2534,15.098],[75.2607,15.1185],[75.2872,15.137],[75.3097,15.1383],[75.307,15.1552],[75.3365,15.1617],[75.3371,15.1132],[75.3447,15.1058],[75.35,15.1006],[75.3507,15.1002],[75.3331,15.0866],[75.3441,15.067],[75.3692,15.0501],[75.4165,15.0596],[75.4165,15.0849]]]}},{"type":"Feature","properties":{"district":"Chitradurga"},"geometry":{"type":"Polygon","coordinates":[[[76.5108,14.5605],[76.5333,14.5611],[76.5343,14.5608],[76.5346,14.5611],[76.5674,14.5875],[76.5852,14.6174],[76.6008,14.621],[76.5962,14.6308],[76.612,14.6483],[76.5975,14.6535],[76.5981,14.6695],[76.6107,14.6688],[76.6084,14.6877],[76.6448,14.7131],[76.6488,14.7563],[76.667,14.7752],[76.6676,14.7938],[76.7047,14.8178],[76.7418,14.8185],[76.7116,14.8373],[76.7133,14.8653],[76.7133,14.8653],[76.6974,14.8881],[76.6779,14.8871],[76.6772,14.9112],[76.6653,14.9161],[76.663,14.9262],[76.66,14.9418],[76.6971,14.9275],[76.7133,14.9444],[76.7166,14.948],[76.7153,14.9717],[76.7153,14.9727],[76.7153,14.973],[76.6888,14.9786],[76.6733,15.0192],[76.6881,15.0251],[76.7017,15.016],[76.7017,15.0163],[76.7037,15.0335],[76.7219,15.0329],[76.7305,15.027],[76.7318,15.0134],[76.7341,14.9854],[76.7609,14.9893],[76.7666,14.9756],[76.7669,14.9756],[76.8182,14.9694],[76.8284,14.9564],[76.8675,14.9698],[76.8639,14.8956],[76.8457,14.8894],[76.8572,14.8692],[76.8539,14.8432],[76.8417,14.8367],[76.8539,14.8094],[76.8374,14.8107],[76.8367,14.7908],[76.7828,14.7859],[76.803,14.742],[76.7752,14.6809],[76.7649,14.6021],[76.7818,14.5966],[76.8063,14.5312],[76.8311,14.5305],[76.8556,14.5097],[76.8678,14.4739],[76.9006,14.4892],[76.9747,14.4853],[76.9598,14.4505],[76.9449,14.4508],[76.9429,14.3998],[76.9158,14.4206],[76.8986,14.3981],[76.8847,14.3958],[76.8847,14.3477],[76.9036,14.3226],[76.9456,14.3132],[76.9568,14.2943],[76.9251,14.2738],[76.9396,14.2449],[76.9856,14.2475],[77.0058,14.2358],[77.0055,14.2322],[76.9992,14.2293],[77.0028,14.198],[77.0227,14.1792],[76.9605,14.1818],[76.9476,14.1984],[76.9423,14.1733],[76.8946,14.1678],[76.886,14.1382],[76.9128,14.1287],[76.9251,14.1372],[76.9469,14.1082],[76.9482,14.0946],[76.9284,14.078],[76.9231,14.0572],[76.9102,14.0643],[76.8887,14.048],[76.8728,14.0093],[76.8374,14.0181],[76.8235,13.9944],[76.8486,13.9804],[76.85,13.9635],[76.8112,13.9365],[76.8155,13.916],[76.7646,13.9244],[76.7494,13.9163],[76.7523,13.9065],[76.7229,13.8984],[76.7666,13.8359],[76.7689,13.7953],[76.7646,13.7819],[76.749,13.7806],[76.7312,13.7845],[76.7239,13.7998],[76.6981,13.7715],[76.6845,13.7299],[76.6852,13.6905],[76.6729,13.7188],[76.6299,13.7136],[76.621,13.7341],[76.5694,13.7146],[76.5766,13.6902],[76.5399,13.6632],[76.5297,13.6661],[76.534,13.6508],[76.5002,13.6218],[76.4608,13.6189],[76.4552,13.5909],[76.4304,13.5932],[76.4132,13.5782],[76.3996,13.5948],[76.3827,13.5769],[76.3735,13.5932],[76.353,13.5795],[76.3414,13.5763],[76.3331,13.5965],[76.3003,13.589],[76.2732,13.6049],[76.2864,13.6466],[76.2633,13.6488],[76.2216,13.682],[76.2196,13.7133],[76.1736,13.7168],[76.17,13.7269],[76.1488,13.7325],[76.1296,13.8144],[76.1154,13.8122],[76.0985,13.8639],[76.0773,13.8802],[76.0555,13.8808],[76.0432,13.899],[76.0406,13.899],[76.0297,13.8987],[76.0284,13.8987],[76.0297,13.902],[76.0446,13.9423],[76.0657,13.9417],[76.0724,13.9823],[76.0509,13.9788],[76.0509,13.9788],[76.0505,13.9791],[76.0432,13.9872],[76.0436,13.9895],[76.0545,14.089],[76.0469,14.0975],[76.0333,14.09],[76.025,14.1131],[76.0462,14.1551],[76.0634,14.1596],[76.0611,14.2224],[76.079,14.2452],[76.1349,14.2559],[76.1299,14.28],[76.117,14.2774],[76.12,14.295],[76.1064,14.3103],[76.116,14.3233],[76.1567,14.32],[76.1554,14.3867],[76.1362,14.4271],[76.172,14.4479],[76.1733,14.4606],[76.2077,14.4573],[76.2186,14.442],[76.2381,14.4505],[76.2613,14.4443],[76.2812,14.4043],[76.3834,14.4203],[76.3966,14.4346],[76.4241,14.4385],[76.4234,14.4499],[76.4598,14.4518],[76.4615,14.5061],[76.485,14.5045],[76.5303,14.5384],[76.5326,14.5419],[76.5177,14.5546],[76.5101,14.5605],[76.5108,14.5605]]]}},{"type":"Feature","properties":{"district":"Davanagere"},"geometry":{"type":"Polygon","coordinates":[[[75.759,14.7342],[75.7564,14.7397],[75.7597,14.7752],[75.7729,14.7918],[75.7987,14.769],[75.8242,14.7788],[75.8252,14.7791],[75.8262,14.7817],[75.8331,14.8074],[75.8341,14.81],[75.8331,14.8113],[75.8298,14.8165],[75.8179,14.8344],[75.8146,14.8318],[75.8093,14.8373],[75.8017,14.8689],[75.8159,14.8998],[75.8321,14.8835],[75.854,14.8835],[75.8536,14.8637],[75.8692,14.8543],[75.8732,14.8679],[75.9658,14.9086],[75.9771,14.8985],[75.9847,14.9083],[75.9972,14.8982],[76.0105,14.9053],[76.0128,14.8962],[76.0452,14.9307],[76.0512,14.9161],[76.0846,14.9135],[76.0664,14.8839],[76.0727,14.8689],[76.1289,14.8692],[76.1306,14.8608],[76.1548,14.8611],[76.1594,14.8471],[76.1908,14.8465],[76.1945,14.8208],[76.1607,14.8299],[76.1465,14.8234],[76.1428,14.7931],[76.1495,14.784],[76.169,14.7853],[76.1809,14.7641],[76.1925,14.7684],[76.2011,14.7391],[76.1839,14.7004],[76.2305,14.6493],[76.255,14.6971],[76.263,14.6965],[76.2795,14.6848],[76.3334,14.6877],[76.3357,14.6867],[76.343,14.6659],[76.3794,14.662],[76.3745,14.6467],[76.39,14.6486],[76.3937,14.6268],[76.432,14.6184],[76.4238,14.5816],[76.5052,14.5654],[76.5108,14.5605],[76.5101,14.5605],[76.5177,14.5546],[76.5326,14.5419],[76.5303,14.5384],[76.485,14.5045],[76.4615,14.5061],[76.4598,14.4518],[76.4234,14.4499],[76.4241,14.4385],[76.3966,14.4346],[76.3834,14.4203],[76.2812,14.4043],[76.2613,14.4443],[76.2381,14.4505],[76.2186,14.442],[76.2077,14.4573],[76.1733,14.4606],[76.172,14.4479],[76.1362,14.4271],[76.1554,14.3867],[76.1567,14.32],[76.116,14.3233],[76.1064,14.3103],[76.12,14.295],[76.117,14.2774],[76.1299,14.28],[76.1349,14.2559],[76.079,14.2452],[76.0611,14.2224],[76.0634,14.1596],[76.0462,14.1551],[76.025,14.1131],[76.0333,14.09],[76.0469,14.0975],[76.0545,14.089],[76.0436,13.9895],[76.0432,13.9872],[76.0505,13.9791],[76.0509,13.9788],[76.0509,13.9788],[76.0724,13.9823],[76.0657,13.9417],[76.0446,13.9423],[76.0297,13.902],[76.0284,13.8987],[76.0297,13.8987],[76.03,13.8857],[76.0247,13.8685],[76.0188,13.8685],[76.0158,13.872],[76.0118,13.8685],[75.989,13.8486],[75.9701,13.8564],[75.9496,13.834],[75.9522,13.8161],[75.8957,13.8063],[75.8788,13.8102],[75.8715,13.8512],[75.8553,13.8727],[75.8596,13.9104],[75.8292,13.9716],[75.8239,14.0191],[75.7987,14.0334],[75.8209,14.065],[75.8143,14.1056],[75.806,14.0982],[75.756,14.1102],[75.7388,14.1011],[75.7382,14.0874],[75.7213,14.0835],[75.7256,14.0757],[75.673,14.065],[75.6343,14.0799],[75.6177,14.0767],[75.6035,14.0565],[75.5433,14.078],[75.5314,14.0975],[75.4907,14.1047],[75.4486,14.0956],[75.3997,14.1177],[75.4437,14.1635],[75.4844,14.1762],[75.4569,14.2058],[75.5026,14.2179],[75.5069,14.2192],[75.5267,14.2029],[75.533,14.2774],[75.5357,14.2774],[75.5823,14.2784],[75.6035,14.293],[75.6108,14.3158],[75.6333,14.3171],[75.623,14.3441],[75.6429,14.4313],[75.6303,14.4447],[75.6369,14.4655],[75.6548,14.4638],[75.6617,14.4518],[75.6898,14.4918],[75.7157,14.4723],[75.7577,14.5146],[75.7974,14.511],[75.7997,14.5413],[75.8186,14.565],[75.8047,14.5985],[75.8103,14.6519],[75.8033,14.6698],[75.7977,14.6812],[75.7636,14.6753],[75.7398,14.69],[75.7378,14.6913],[75.7401,14.6942],[75.7623,14.7209],[75.764,14.7228],[75.7636,14.7251],[75.759,14.7342]]]}},{"type":"Feature","properties":{"district":"Shivamogga"},"geometry":{"type":"Polygon","coordinates":[[[74.6664,13.9869],[74.6777,14.0347],[74.6552,14.0393],[74.6608,14.0585],[74.6373,14.0946],[74.6558,14.1134],[74.6462,14.1144],[74.6449,14.1421],[74.629,14.1444],[74.6254,14.1626],[74.6654,14.1844],[74.7478,14.1427],[74.7187,14.214],[74.716,14.2332],[74.7299,14.2638],[74.7637,14.2381],[74.7918,14.2273],[74.8322,14.2299],[74.8534,14.2114],[74.8732,14.2413],[74.8778,14.2159],[74.8901,14.2169],[74.9086,14.2276],[74.9314,14.241],[74.9354,14.2433],[74.9344,14.2475],[74.9275,14.2751],[74.9271,14.2768],[74.9268,14.2764],[74.9265,14.2774],[74.9129,14.2781],[74.9089,14.2833],[74.9083,14.2872],[74.9175,14.3093],[74.9225,14.3158],[74.9659,14.3191],[74.9725,14.3194],[74.9768,14.3197],[74.9755,14.3292],[74.9751,14.3327],[74.9745,14.3376],[74.9394,14.3584],[74.9477,14.3949],[74.9487,14.3991],[74.9473,14.3994],[74.9338,14.404],[74.9172,14.4316],[74.8788,14.4355],[74.8745,14.4476],[74.8904,14.4619],[74.9209,14.4593],[74.8894,14.4795],[74.901,14.5292],[74.9268,14.5289],[74.9357,14.5188],[74.9543,14.5514],[74.9768,14.5488],[74.9798,14.5244],[74.9718,14.5208],[74.9907,14.5013],[74.9897,14.4726],[75.0185,14.4967],[75.0406,14.5003],[75.037,14.5296],[75.0615,14.5436],[75.0324,14.5579],[75.0231,14.5673],[75.0234,14.5878],[75.0261,14.6109],[75.0509,14.6496],[75.0727,14.6552],[75.0995,14.6529],[75.1601,14.6174],[75.1654,14.6334],[75.1879,14.6226],[75.2054,14.6376],[75.2051,14.5976],[75.1816,14.5979],[75.1842,14.5859],[75.2074,14.5722],[75.2273,14.5839],[75.2253,14.5676],[75.2405,14.5549],[75.2435,14.578],[75.2653,14.5797],[75.2971,14.5406],[75.268,14.5279],[75.2676,14.5149],[75.3196,14.5136],[75.3461,14.4853],[75.3401,14.4359],[75.356,14.4284],[75.3646,14.4417],[75.3821,14.4336],[75.3778,14.4079],[75.3593,14.4092],[75.3487,14.388],[75.4774,14.3174],[75.4764,14.3438],[75.5009,14.3444],[75.5026,14.308],[75.534,14.2895],[75.533,14.2774],[75.5267,14.2029],[75.5069,14.2192],[75.5026,14.2179],[75.4569,14.2058],[75.4844,14.1762],[75.4437,14.1635],[75.3997,14.1177],[75.4486,14.0956],[75.4907,14.1047],[75.5314,14.0975],[75.5433,14.078],[75.6035,14.0565],[75.6177,14.0767],[75.6343,14.0799],[75.673,14.065],[75.7256,14.0757],[75.7213,14.0835],[75.7382,14.0874],[75.7388,14.1011],[75.756,14.1102],[75.806,14.0982],[75.8143,14.1056],[75.8209,14.065],[75.7987,14.0334],[75.8239,14.0191],[75.8292,13.9716],[75.8596,13.9104],[75.8553,13.8727],[75.8715,13.8512],[75.8788,13.8102],[75.8255,13.8187],[75.8076,13.7946],[75.7775,13.7884],[75.7669,13.7972],[75.7646,13.7816],[75.6872,13.7666],[75.6865,13.75],[75.6693,13.764],[75.6558,13.7461],[75.6746,13.7234],[75.6511,13.7188],[75.6353,13.7016],[75.6349,13.7012],[75.6227,13.7058],[75.6174,13.723],[75.628,13.7331],[75.6091,13.7461],[75.6108,13.7611],[75.5714,13.7556],[75.5658,13.7409],[75.5409,13.7279],[75.5069,13.7656],[75.4983,13.7582],[75.487,13.7682],[75.487,13.7679],[75.4887,13.7598],[75.4734,13.75],[75.4543,13.7237],[75.4192,13.7061],[75.3831,13.711],[75.4073,13.6664],[75.4145,13.6527],[75.4116,13.6417],[75.4073,13.6257],[75.3911,13.6241],[75.3881,13.6173],[75.3871,13.615],[75.3861,13.6134],[75.3735,13.6261],[75.3725,13.6257],[75.3699,13.5971],[75.3444,13.5805],[75.3262,13.5926],[75.2951,13.5848],[75.2789,13.5646],[75.2448,13.6052],[75.2355,13.5984],[75.2292,13.6033],[75.2233,13.6026],[75.2107,13.5854],[75.2266,13.5685],[75.216,13.5577],[75.2259,13.5281],[75.2259,13.5281],[75.1763,13.4992],[75.1697,13.508],[75.1363,13.4725],[75.1409,13.4614],[75.1158,13.4569],[75.1022,13.4891],[75.08,13.4924],[75.0767,13.5145],[75.0605,13.5194],[75.0602,13.5194],[75.0595,13.5194],[75.0628,13.5288],[75.0492,13.5473],[75.035,13.5672],[75.037,13.5698],[75.0443,13.5799],[75.0612,13.6023],[75.0612,13.6026],[75.0234,13.629],[75.0155,13.6349],[75.0155,13.6349],[75.0128,13.658],[75.0284,13.6674],[75.0122,13.6768],[75.0109,13.6911],[75.0214,13.6983],[74.991,13.71],[74.9986,13.7383],[74.9281,13.7689],[74.9334,13.7881],[74.9324,13.7904],[74.908,13.8577],[74.8788,13.8675],[74.8653,13.8574],[74.8398,13.8974],[74.8196,13.9078],[74.7627,13.916],[74.7117,13.9052],[74.7078,13.927],[74.6906,13.9335],[74.6988,13.9508],[74.6747,13.969],[74.6717,13.9752],[74.6664,13.9869]]]}},{"type":"Feature","properties":{"district":"Udupi"},"geometry":{"type":"Polygon","coordinates":[[[74.5827,13.9257],[74.5956,13.9413],[74.5972,13.9316],[74.6303,13.9456],[74.6472,13.9404],[74.6475,13.9404],[74.6442,13.9576],[74.6651,13.9823],[74.6664,13.9869],[74.6717,13.9752],[74.6747,13.969],[74.6988,13.9508],[74.6906,13.9335],[74.7078,13.927],[74.7117,13.9052],[74.7627,13.916],[74.8196,13.9078],[74.8398,13.8974],[74.8653,13.8574],[74.8788,13.8675],[74.908,13.8577],[74.9324,13.7904],[74.9334,13.7881],[74.9281,13.7689],[74.9986,13.7383],[74.991,13.71],[75.0214,13.6983],[75.0109,13.6911],[75.0122,13.6768],[75.0284,13.6674],[75.0128,13.658],[75.0155,13.6349],[75.0155,13.6349],[75.0234,13.629],[75.0612,13.6026],[75.0612,13.6023],[75.0443,13.5799],[75.037,13.5698],[75.035,13.5672],[75.0492,13.5473],[75.0628,13.5288],[75.0595,13.5194],[75.0602,13.5194],[75.0605,13.5194],[75.0767,13.5145],[75.08,13.4924],[75.1022,13.4891],[75.1158,13.4569],[75.1409,13.4614],[75.1545,13.4533],[75.1551,13.4302],[75.1399,13.4068],[75.1465,13.3928],[75.127,13.3853],[75.1277,13.3661],[75.1121,13.3564],[75.0896,13.3612],[75.0787,13.343],[75.1124,13.2825],[75.1399,13.288],[75.1667,13.2028],[75.2058,13.1771],[75.1502,13.125],[75.1151,13.1312],[75.1207,13.1364],[75.0976,13.165],[75.081,13.1618],[75.0837,13.1459],[75.0585,13.1315],[75.0367,13.1416],[75.0152,13.1309],[74.9943,13.1572],[74.9748,13.1296],[74.9543,13.1215],[74.9516,13.1237],[74.9414,13.138],[74.9427,13.1433],[74.9364,13.1452],[74.9298,13.1472],[74.9281,13.1478],[74.9106,13.1328],[74.9119,13.1081],[74.8782,13.0954],[74.86,13.128],[74.8262,13.1296],[74.8097,13.1133],[74.7921,13.1169],[74.7984,13.1042],[74.7918,13.0967],[74.7776,13.1029],[74.7763,13.0717],[74.7167,13.3141],[74.6978,13.3476],[74.6959,13.3713],[74.7035,13.3756],[74.6959,13.3733],[74.6952,13.4559],[74.6697,13.6349],[74.6456,13.683],[74.6102,13.8668],[74.5827,13.9257]]]}},{"type":"Feature","properties":{"district":"Chikkamagaluru"},"geometry":{"type":"Polygon","coordinates":[[[76.0297,13.8987],[76.0406,13.899],[76.0432,13.899],[76.0555,13.8808],[76.0773,13.8802],[76.0985,13.8639],[76.1154,13.8122],[76.1296,13.8144],[76.1488,13.7325],[76.17,13.7269],[76.1736,13.7168],[76.2196,13.7133],[76.2216,13.682],[76.2633,13.6488],[76.2864,13.6466],[76.2732,13.6049],[76.3003,13.589],[76.3331,13.5965],[76.3414,13.5763],[76.353,13.5795],[76.3639,13.5473],[76.3626,13.5304],[76.3457,13.5138],[76.3159,13.5399],[76.3119,13.5255],[76.2931,13.5272],[76.2898,13.505],[76.2338,13.5076],[76.2312,13.468],[76.1981,13.4689],[76.1964,13.4504],[76.1872,13.4527],[76.1935,13.4689],[76.1624,13.4699],[76.1372,13.4422],[76.1395,13.4068],[76.0899,13.3938],[76.0889,13.3716],[76.0558,13.3808],[76.0416,13.3742],[76.027,13.3271],[76.0429,13.3238],[76.0363,13.2487],[76.0164,13.2509],[76.0148,13.2614],[75.936,13.2561],[75.9033,13.2581],[75.8993,13.2662],[75.8768,13.2604],[75.8616,13.2402],[75.8573,13.2584],[75.8391,13.2519],[75.8159,13.2591],[75.8057,13.2161],[75.7789,13.2099],[75.7583,13.2174],[75.7431,13.2077],[75.7289,13.1833],[75.7302,13.1644],[75.7537,13.1361],[75.7352,13.1234],[75.7385,13.1101],[75.7272,13.0993],[75.7425,13.0694],[75.7401,13.03],[75.7279,13.0235],[75.7104,13.0382],[75.6965,13.0369],[75.6948,13.046],[75.6905,13.0336],[75.6558,13.0225],[75.6425,13.0313],[75.5955,12.9438],[75.5724,12.9347],[75.5588,12.9158],[75.5568,12.9129],[75.5562,12.9428],[75.5141,12.9789],[75.5327,13.0047],[75.5151,13.0661],[75.486,13.0925],[75.4797,13.0772],[75.4705,13.0775],[75.4708,13.0971],[75.4552,13.1101],[75.445,13.1049],[75.4337,13.1218],[75.4248,13.1065],[75.4073,13.1117],[75.4043,13.1553],[75.3891,13.1716],[75.3801,13.179],[75.3467,13.1813],[75.3282,13.1709],[75.3166,13.1364],[75.2944,13.1244],[75.2848,13.1351],[75.2776,13.127],[75.2524,13.1289],[75.2173,13.1566],[75.2074,13.1533],[75.2058,13.1771],[75.2058,13.1771],[75.2058,13.1771],[75.1667,13.2028],[75.1399,13.288],[75.1124,13.2825],[75.0787,13.343],[75.0896,13.3612],[75.1121,13.3564],[75.1277,13.3661],[75.127,13.3853],[75.1465,13.3928],[75.1399,13.4068],[75.1551,13.4302],[75.1545,13.4533],[75.1409,13.4614],[75.1363,13.4725],[75.1697,13.508],[75.1763,13.4992],[75.2259,13.5281],[75.2259,13.5281],[75.216,13.5577],[75.2266,13.5685],[75.2107,13.5854],[75.2233,13.6026],[75.2292,13.6033],[75.2355,13.5984],[75.2448,13.6052],[75.2789,13.5646],[75.2951,13.5848],[75.3262,13.5926],[75.3444,13.5805],[75.3699,13.5971],[75.3725,13.6257],[75.3735,13.6261],[75.3861,13.6134],[75.3871,13.615],[75.3881,13.6173],[75.3911,13.6241],[75.4073,13.6257],[75.4116,13.6417],[75.4145,13.6527],[75.4073,13.6664],[75.3831,13.711],[75.4192,13.7061],[75.4543,13.7237],[75.4734,13.75],[75.4887,13.7598],[75.487,13.7679],[75.487,13.7682],[75.4983,13.7582],[75.5069,13.7656],[75.5409,13.7279],[75.5658,13.7409],[75.5714,13.7556],[75.6108,13.7611],[75.6091,13.7461],[75.628,13.7331],[75.6174,13.723],[75.6227,13.7058],[75.6349,13.7012],[75.6353,13.7016],[75.6511,13.7188],[75.6746,13.7234],[75.6558,13.7461],[75.6693,13.764],[75.6865,13.75],[75.6872,13.7666],[75.7646,13.7816],[75.7669,13.7972],[75.7775,13.7884],[75.8076,13.7946],[75.8255,13.8187],[75.8788,13.8102],[75.8957,13.8063],[75.9522,13.8161],[75.9496,13.834],[75.9701,13.8564],[75.989,13.8486],[76.0118,13.8685],[76.0158,13.872],[76.0188,13.8685],[76.0247,13.8685],[76.03,13.8857],[76.0297,13.8987]]]}},{"type":"Feature","properties":{"district":"Chikkaballapura"},"geometry":{"type":"Polygon","coordinates":[[[77.4555,13.6824],[77.4922,13.6898],[77.4849,13.7149],[77.5141,13.7133],[77.5124,13.6973],[77.5253,13.6911],[77.526,13.6937],[77.5366,13.7305],[77.522,13.7445],[77.527,13.7533],[77.5475,13.753],[77.5607,13.7224],[77.5607,13.7227],[77.6001,13.7507],[77.6137,13.752],[77.6279,13.7347],[77.6421,13.7468],[77.6189,13.7549],[77.6209,13.7686],[77.6802,13.7868],[77.6716,13.7604],[77.7033,13.7699],[77.7086,13.7409],[77.7172,13.7412],[77.7192,13.8005],[77.7814,13.8184],[77.789,13.8304],[77.7824,13.8441],[77.8122,13.8489],[77.837,13.8698],[77.8274,13.8746],[77.8357,13.8811],[77.832,13.8958],[77.8135,13.9147],[77.8267,13.9449],[77.839,13.9358],[77.8956,13.941],[77.8959,13.9205],[77.9267,13.9052],[77.97,13.9599],[77.9876,13.9557],[77.9803,13.928],[77.9866,13.9029],[77.9492,13.8864],[77.9528,13.8275],[77.976,13.8294],[78.0005,13.873],[78.0461,13.8623],[78.0494,13.8958],[78.0789,13.8811],[78.0819,13.8613],[78.1146,13.8629],[78.1226,13.8408],[78.1136,13.8076],[78.1259,13.7871],[78.0915,13.7422],[78.1209,13.7155],[78.1133,13.6928],[78.0709,13.6986],[78.0656,13.6762],[78.0898,13.6593],[78.0872,13.643],[78.1143,13.6573],[78.156,13.6586],[78.1692,13.6541],[78.1682,13.6329],[78.2043,13.6283],[78.1954,13.5968],[78.1904,13.5903],[78.1911,13.5812],[78.192,13.5727],[78.193,13.5649],[78.1963,13.5685],[78.1973,13.5678],[78.2013,13.5639],[78.198,13.5571],[78.2036,13.5278],[78.1877,13.5135],[78.198,13.5125],[78.2102,13.4712],[78.1973,13.4475],[78.1825,13.4208],[78.1358,13.4052],[78.1245,13.386],[78.1222,13.3752],[78.1427,13.3759],[78.15,13.358],[78.1504,13.3508],[78.1318,13.3525],[78.1308,13.3284],[78.109,13.3232],[78.1365,13.3043],[78.1338,13.2877],[78.0918,13.3102],[78.0521,13.2936],[78.0468,13.2783],[78.0154,13.2828],[78.0114,13.3014],[77.9935,13.304],[77.9846,13.2861],[77.9611,13.2841],[77.9561,13.2698],[77.9383,13.2679],[77.9349,13.2461],[77.9353,13.2461],[77.931,13.2448],[77.929,13.2383],[77.9141,13.237],[77.8909,13.2347],[77.9055,13.2506],[77.8909,13.2574],[77.8741,13.2441],[77.8767,13.2343],[77.8635,13.2412],[77.8582,13.2204],[77.8499,13.2197],[77.8509,13.2412],[77.8215,13.2526],[77.8145,13.2396],[77.8076,13.2431],[77.8211,13.2581],[77.8089,13.2617],[77.8158,13.2975],[77.8294,13.2906],[77.8277,13.3056],[77.8102,13.3102],[77.8271,13.3271],[77.7903,13.3511],[77.7543,13.3638],[77.744,13.3538],[77.7265,13.3635],[77.7285,13.3518],[77.7162,13.3518],[77.7109,13.3661],[77.6987,13.359],[77.7,13.3375],[77.6841,13.3518],[77.6669,13.3479],[77.656,13.3583],[77.6577,13.398],[77.6385,13.3938],[77.6338,13.3759],[77.6209,13.3756],[77.6127,13.3873],[77.6189,13.4026],[77.6074,13.4071],[77.6024,13.3983],[77.5991,13.4152],[77.6153,13.4211],[77.6031,13.4413],[77.5898,13.4364],[77.5915,13.4188],[77.5514,13.4198],[77.5485,13.4361],[77.5223,13.4315],[77.5041,13.4455],[77.5048,13.4579],[77.4714,13.4693],[77.433,13.464],[77.4154,13.492],[77.3827,13.5005],[77.3863,13.5142],[77.3916,13.5327],[77.391,13.533],[77.3893,13.535],[77.3827,13.5421],[77.3824,13.5753],[77.3741,13.59],[77.3632,13.5903],[77.3622,13.6218],[77.3645,13.6287],[77.3972,13.6736],[77.4363,13.6794],[77.4555,13.6824]]]}},{"type":"Feature","properties":{"district":"Hassan"},"geometry":{"type":"Polygon","coordinates":[[[75.5588,12.9158],[75.5724,12.9347],[75.5955,12.9438],[75.6425,13.0313],[75.6558,13.0225],[75.6905,13.0336],[75.6948,13.046],[75.6965,13.0369],[75.7104,13.0382],[75.7279,13.0235],[75.7401,13.03],[75.7425,13.0694],[75.7272,13.0993],[75.7385,13.1101],[75.7352,13.1234],[75.7537,13.1361],[75.7302,13.1644],[75.7289,13.1833],[75.7431,13.2077],[75.7583,13.2174],[75.7789,13.2099],[75.8057,13.2161],[75.8159,13.2591],[75.8391,13.2519],[75.8573,13.2584],[75.8616,13.2402],[75.8768,13.2604],[75.8993,13.2662],[75.9033,13.2581],[75.936,13.2561],[76.0148,13.2614],[76.0164,13.2509],[76.0363,13.2487],[76.0429,13.3238],[76.027,13.3271],[76.0416,13.3742],[76.0558,13.3808],[76.0889,13.3716],[76.0899,13.3938],[76.1395,13.4068],[76.1372,13.4422],[76.1624,13.4699],[76.1935,13.4689],[76.1872,13.4527],[76.1964,13.4504],[76.1981,13.4689],[76.2312,13.468],[76.2338,13.5076],[76.2898,13.505],[76.2931,13.5272],[76.3119,13.5255],[76.3159,13.5399],[76.3457,13.5138],[76.3626,13.5304],[76.3639,13.5473],[76.4006,13.5265],[76.4274,13.5255],[76.4152,13.5089],[76.3966,13.5041],[76.396,13.4937],[76.4152,13.479],[76.4069,13.4592],[76.4198,13.4484],[76.4006,13.4227],[76.395,13.4058],[76.3903,13.3912],[76.3814,13.3642],[76.347,13.3599],[76.347,13.3583],[76.347,13.3525],[76.3477,13.3014],[76.3523,13.2945],[76.3563,13.2493],[76.3645,13.234],[76.3798,13.2317],[76.3708,13.2005],[76.4125,13.1917],[76.4449,13.1699],[76.4552,13.1501],[76.4731,13.1498],[76.4724,13.0931],[76.4724,13.0931],[76.4946,13.0948],[76.5148,13.07],[76.5158,13.0687],[76.5207,13.0743],[76.5273,13.0788],[76.6044,13.0713],[76.6094,13.0687],[76.6197,13.0541],[76.6061,13.0548],[76.6054,13.0531],[76.6054,13.0525],[76.6021,13.0401],[76.6048,13.032],[76.613,13.006],[76.613,13.006],[76.613,13.006],[76.6322,13.0043],[76.6336,12.9812],[76.6319,12.9799],[76.6117,12.9653],[76.6163,12.9373],[76.6061,12.9386],[76.5965,12.9214],[76.5965,12.881],[76.579,12.8732],[76.5776,12.8469],[76.5204,12.8413],[76.5184,12.8264],[76.4899,12.8065],[76.4999,12.7805],[76.4929,12.7671],[76.4896,12.7857],[76.4747,12.7717],[76.4552,12.7811],[76.4714,12.7987],[76.4459,12.8234],[76.4254,12.8251],[76.4254,12.8579],[76.4135,12.8644],[76.4085,12.8439],[76.386,12.8452],[76.3827,12.8312],[76.3695,12.8286],[76.3682,12.8091],[76.3324,12.8078],[76.3341,12.7896],[76.3348,12.7876],[76.3496,12.7857],[76.343,12.7613],[76.3573,12.7502],[76.3414,12.732],[76.3616,12.7031],[76.3629,12.7014],[76.353,12.6679],[76.342,12.6559],[76.342,12.6559],[76.3424,12.6552],[76.3235,12.6351],[76.3278,12.6113],[76.3265,12.6113],[76.3063,12.6103],[76.3096,12.6227],[76.3003,12.6292],[76.2802,12.6168],[76.2798,12.6338],[76.2547,12.6204],[76.2457,12.637],[76.2193,12.6445],[76.2057,12.6289],[76.2153,12.6217],[76.1921,12.5941],[76.1964,12.5775],[76.1524,12.5797],[76.1514,12.5472],[76.1332,12.5287],[76.1141,12.527],[76.1154,12.5127],[76.0863,12.5388],[76.0906,12.5456],[76.0522,12.5544],[76.0456,12.5771],[76.0191,12.571],[76.0188,12.5706],[76.0138,12.5697],[75.9923,12.5889],[75.9886,12.5742],[75.9688,12.5768],[75.9754,12.5635],[75.9625,12.5612],[75.9397,12.6087],[75.9489,12.6237],[75.9357,12.6302],[75.9479,12.664],[75.94,12.676],[75.94,12.6764],[75.9595,12.6832],[75.9652,12.7109],[75.942,12.7203],[75.9331,12.7639],[75.9708,12.7841],[75.9691,12.8049],[75.9304,12.8078],[75.9301,12.8078],[75.9301,12.8081],[75.9198,12.8283],[75.9112,12.8153],[75.8798,12.8338],[75.8639,12.8179],[75.8639,12.8166],[75.8649,12.7951],[75.8781,12.7769],[75.8583,12.7697],[75.8599,12.7574],[75.8493,12.7499],[75.855,12.7235],[75.8854,12.7057],[75.8867,12.705],[75.8874,12.6787],[75.8867,12.678],[75.8841,12.6764],[75.8778,12.6718],[75.8404,12.6715],[75.8341,12.6715],[75.8328,12.6715],[75.8076,12.7018],[75.7607,12.6741],[75.713,12.7076],[75.6998,12.7047],[75.6667,12.6975],[75.6475,12.6933],[75.6336,12.69],[75.6336,12.69],[75.626,12.7053],[75.6508,12.719],[75.6521,12.7232],[75.6561,12.7453],[75.6468,12.7571],[75.6399,12.7658],[75.6336,12.7733],[75.6144,12.7974],[75.6214,12.8553],[75.6022,12.8651],[75.6028,12.8755],[75.5638,12.8664],[75.5638,12.8667],[75.5634,12.8677],[75.5545,12.9074],[75.5591,12.9145],[75.5588,12.9158]]]}},{"type":"Feature","properties":{"district":"Kolar"},"geometry":{"type":"Polygon","coordinates":[[[77.9353,13.2461],[77.9349,13.2461],[77.9383,13.2679],[77.9561,13.2698],[77.9611,13.2841],[77.9846,13.2861],[77.9935,13.304],[78.0114,13.3014],[78.0154,13.2828],[78.0468,13.2783],[78.0521,13.2936],[78.0918,13.3102],[78.1338,13.2877],[78.1365,13.3043],[78.109,13.3232],[78.1308,13.3284],[78.1318,13.3525],[78.1504,13.3508],[78.15,13.358],[78.1427,13.3759],[78.1222,13.3752],[78.1245,13.386],[78.1358,13.4052],[78.1825,13.4208],[78.1973,13.4475],[78.2102,13.4712],[78.198,13.5125],[78.1877,13.5135],[78.2036,13.5278],[78.198,13.5571],[78.2013,13.5639],[78.1973,13.5678],[78.1963,13.5685],[78.2076,13.5805],[78.2175,13.5909],[78.2327,13.587],[78.2374,13.5984],[78.2596,13.5825],[78.3261,13.5948],[78.4018,13.5874],[78.4022,13.5867],[78.3969,13.5561],[78.3744,13.5089],[78.3816,13.397],[78.3651,13.3619],[78.4088,13.343],[78.3929,13.3339],[78.383,13.3437],[78.377,13.332],[78.4012,13.3154],[78.428,13.3313],[78.4402,13.3284],[78.4442,13.3082],[78.4832,13.3212],[78.4793,13.3014],[78.514,13.2906],[78.5322,13.2669],[78.5392,13.288],[78.5617,13.2887],[78.5656,13.3121],[78.5785,13.2805],[78.5835,13.2805],[78.5858,13.2763],[78.5815,13.264],[78.5663,13.221],[78.5785,13.2129],[78.5501,13.2002],[78.5497,13.1898],[78.5759,13.1868],[78.5799,13.1673],[78.5501,13.1641],[78.5448,13.1419],[78.517,13.1315],[78.5385,13.1058],[78.5094,13.0915],[78.5143,13.0619],[78.4621,13.0434],[78.4637,13.0053],[78.4746,12.9916],[78.4673,12.975],[78.4353,12.9812],[78.4379,12.964],[78.4111,12.9454],[78.4187,12.9217],[78.4379,12.9292],[78.4667,12.9054],[78.4647,12.8667],[78.4455,12.9119],[78.4121,12.9031],[78.3985,12.9175],[78.3886,12.907],[78.3558,12.9409],[78.3396,12.9031],[78.3234,12.9018],[78.3204,12.8872],[78.337,12.8823],[78.3135,12.8765],[78.3125,12.8586],[78.2685,12.8677],[78.2523,12.8605],[78.2457,12.7883],[78.2308,12.7606],[78.1341,12.7821],[78.0577,12.8521],[78.0547,12.8524],[78.024,12.8566],[78.0289,12.8452],[78.0038,12.8257],[78.0154,12.814],[78.0097,12.8059],[77.9886,12.8081],[77.9803,12.8351],[77.9644,12.8329],[77.9654,12.8482],[77.9522,12.8573],[77.9399,12.853],[77.9406,12.8234],[77.9204,12.8283],[77.9227,12.8556],[77.9396,12.869],[77.9416,12.8709],[77.9277,12.8748],[77.9359,12.8836],[77.9346,12.8852],[77.9336,12.8866],[77.93,12.8905],[77.9105,12.88],[77.8741,12.87],[77.8665,12.87],[77.8522,12.8911],[77.8618,12.9142],[77.8396,12.9217],[77.8396,12.922],[77.8396,12.922],[77.8708,12.9373],[77.8648,12.9737],[77.886,13.0086],[77.8923,13.0522],[77.9138,13.0486],[77.9283,13.0684],[77.9416,13.0687],[77.9396,13.0837],[77.932,13.074],[77.9134,13.0808],[77.9012,13.1026],[77.9154,13.1192],[77.9373,13.1081],[77.9392,13.125],[77.9558,13.1299],[77.9531,13.1605],[77.9637,13.1895],[77.9578,13.2187],[77.9452,13.2142],[77.9651,13.2441],[77.9353,13.2461]]]}},{"type":"Feature","properties":{"district":"Bengaluru Rural"},"geometry":{"type":"Polygon","coordinates":[[[77.3863,13.5142],[77.3827,13.5005],[77.4154,13.492],[77.433,13.464],[77.4714,13.4693],[77.5048,13.4579],[77.5041,13.4455],[77.5223,13.4315],[77.5485,13.4361],[77.5514,13.4198],[77.5915,13.4188],[77.5898,13.4364],[77.6031,13.4413],[77.6153,13.4211],[77.5991,13.4152],[77.6024,13.3983],[77.6074,13.4071],[77.6189,13.4026],[77.6127,13.3873],[77.6209,13.3756],[77.6338,13.3759],[77.6385,13.3938],[77.6577,13.398],[77.656,13.3583],[77.6669,13.3479],[77.6841,13.3518],[77.7,13.3375],[77.6987,13.359],[77.7109,13.3661],[77.7162,13.3518],[77.7285,13.3518],[77.7265,13.3635],[77.744,13.3538],[77.7543,13.3638],[77.7903,13.3511],[77.8271,13.3271],[77.8102,13.3102],[77.8277,13.3056],[77.8294,13.2906],[77.8158,13.2975],[77.8089,13.2617],[77.8211,13.2581],[77.8076,13.2431],[77.8145,13.2396],[77.8215,13.2526],[77.8509,13.2412],[77.8499,13.2197],[77.8582,13.2204],[77.8635,13.2412],[77.8767,13.2343],[77.8741,13.2441],[77.8909,13.2574],[77.9055,13.2506],[77.8909,13.2347],[77.9141,13.237],[77.929,13.2383],[77.931,13.2448],[77.9353,13.2461],[77.9651,13.2441],[77.9452,13.2142],[77.9578,13.2187],[77.9637,13.1895],[77.9531,13.1605],[77.9558,13.1299],[77.9392,13.125],[77.9373,13.1081],[77.9154,13.1192],[77.9012,13.1026],[77.9134,13.0808],[77.932,13.074],[77.9396,13.0837],[77.9416,13.0687],[77.9283,13.0684],[77.9138,13.0486],[77.8923,13.0522],[77.886,13.0086],[77.8648,12.9737],[77.8708,12.9373],[77.8396,12.922],[77.8396,12.922],[77.8396,12.9217],[77.8618,12.9142],[77.8522,12.8911],[77.8665,12.87],[77.8598,12.87],[77.836,12.8703],[77.831,12.8664],[77.8162,12.9149],[77.8324,12.9266],[77.8109,12.9331],[77.7976,12.9184],[77.7652,12.9425],[77.7791,12.9702],[77.7712,13.0141],[77.7811,13.0339],[77.7602,13.074],[77.7649,13.1078],[77.7324,13.1149],[77.7245,13.1267],[77.7328,13.1595],[77.7255,13.1927],[77.6984,13.1895],[77.6841,13.2034],[77.6868,13.1934],[77.663,13.1839],[77.6547,13.1881],[77.6603,13.2008],[77.6173,13.2106],[77.6001,13.1966],[77.5759,13.1986],[77.5743,13.1989],[77.5667,13.2015],[77.5696,13.2161],[77.5567,13.2194],[77.5591,13.2317],[77.5455,13.2324],[77.5223,13.209],[77.5114,13.2285],[77.48,13.2233],[77.4677,13.1624],[77.4317,13.165],[77.4085,13.1237],[77.3939,13.1182],[77.4178,13.1049],[77.4161,13.0931],[77.4287,13.0866],[77.4287,13.086],[77.4237,13.0704],[77.384,13.0671],[77.384,13.0661],[77.3939,13.0531],[77.389,13.0265],[77.3754,13.0287],[77.3698,13.0134],[77.3718,12.9923],[77.3496,12.9757],[77.3476,12.9744],[77.3427,12.9754],[77.3311,12.9744],[77.3304,12.9773],[77.3225,13.006],[77.3221,13.0082],[77.3311,13.043],[77.3284,13.0502],[77.3109,13.0463],[77.3142,13.1062],[77.2927,13.1101],[77.2847,13.1345],[77.2685,13.1188],[77.2751,13.1527],[77.2176,13.1449],[77.2037,13.1846],[77.203,13.1846],[77.2076,13.1966],[77.1828,13.2288],[77.1924,13.2435],[77.1835,13.2578],[77.1885,13.2763],[77.2192,13.263],[77.2292,13.3134],[77.2493,13.3017],[77.2699,13.3111],[77.2818,13.2975],[77.2811,13.3105],[77.3086,13.3108],[77.3119,13.3222],[77.3387,13.329],[77.346,13.4175],[77.3628,13.4201],[77.3486,13.4572],[77.3734,13.4702],[77.3863,13.5142]]]}},{"type":"Feature","properties":{"district":"Dakshina Kannada"},"geometry":{"type":"Polygon","coordinates":[[[74.7763,13.0717],[74.7776,13.1029],[74.7918,13.0967],[74.7984,13.1042],[74.7921,13.1169],[74.8097,13.1133],[74.8262,13.1296],[74.86,13.128],[74.8782,13.0954],[74.9119,13.1081],[74.9106,13.1328],[74.9281,13.1478],[74.9298,13.1472],[74.9364,13.1452],[74.9427,13.1433],[74.9414,13.138],[74.9516,13.1237],[74.9543,13.1215],[74.9748,13.1296],[74.9943,13.1572],[75.0152,13.1309],[75.0367,13.1416],[75.0585,13.1315],[75.0837,13.1459],[75.081,13.1618],[75.0976,13.165],[75.1207,13.1364],[75.1151,13.1312],[75.1502,13.125],[75.2058,13.1771],[75.2058,13.1771],[75.2058,13.1771],[75.2074,13.1533],[75.2173,13.1566],[75.2524,13.1289],[75.2776,13.127],[75.2848,13.1351],[75.2944,13.1244],[75.3166,13.1364],[75.3282,13.1709],[75.3467,13.1813],[75.3801,13.179],[75.3891,13.1716],[75.4043,13.1553],[75.4073,13.1117],[75.4248,13.1065],[75.4337,13.1218],[75.445,13.1049],[75.4552,13.1101],[75.4708,13.0971],[75.4705,13.0775],[75.4797,13.0772],[75.486,13.0925],[75.5151,13.0661],[75.5327,13.0047],[75.5141,12.9789],[75.5562,12.9428],[75.5568,12.9129],[75.5588,12.9158],[75.5591,12.9145],[75.5545,12.9074],[75.5634,12.8677],[75.5638,12.8667],[75.5638,12.8664],[75.6028,12.8755],[75.6022,12.8651],[75.6214,12.8553],[75.6144,12.7974],[75.6336,12.7733],[75.6399,12.7658],[75.6468,12.7571],[75.6561,12.7453],[75.6521,12.7232],[75.6508,12.719],[75.626,12.7053],[75.6336,12.69],[75.6336,12.69],[75.6475,12.6933],[75.6667,12.6975],[75.6419,12.6331],[75.6544,12.6185],[75.6581,12.6032],[75.664,12.5788],[75.6707,12.5511],[75.668,12.5492],[75.6644,12.5466],[75.6147,12.5101],[75.5909,12.5401],[75.5562,12.5013],[75.5658,12.486],[75.529,12.4994],[75.5237,12.4899],[75.4933,12.4838],[75.49,12.46],[75.4645,12.4721],[75.4619,12.488],[75.4725,12.4994],[75.4344,12.5303],[75.4288,12.515],[75.4165,12.5153],[75.4162,12.4997],[75.4162,12.4997],[75.3818,12.502],[75.3679,12.4919],[75.3722,12.4769],[75.36,12.4649],[75.3365,12.4642],[75.3322,12.4997],[75.3044,12.5033],[75.303,12.5228],[75.2802,12.5241],[75.2696,12.5495],[75.2719,12.5703],[75.2838,12.571],[75.2898,12.584],[75.3146,12.5739],[75.3252,12.5921],[75.3113,12.5911],[75.2786,12.6175],[75.2733,12.6168],[75.2375,12.5684],[75.2203,12.5684],[75.2087,12.5924],[75.2005,12.5889],[75.2091,12.6015],[75.1985,12.6133],[75.2018,12.6289],[75.1611,12.6211],[75.1376,12.6448],[75.1604,12.6715],[75.1502,12.6738],[75.1525,12.6822],[75.133,12.6744],[75.1118,12.6809],[75.1055,12.6982],[75.0853,12.7053],[75.0853,12.6738],[75.0691,12.664],[75.0466,12.6666],[75.0396,12.6865],[75.0549,12.6946],[75.0502,12.7193],[75.0009,12.7154],[75.0112,12.7281],[74.9824,12.7385],[75.0095,12.7675],[75.0032,12.7909],[75.0026,12.7912],[74.9983,12.786],[74.9894,12.7951],[74.9887,12.7938],[74.9874,12.7831],[74.9827,12.7815],[74.9781,12.7798],[74.9685,12.7766],[74.9639,12.7802],[74.9331,12.7805],[74.8825,12.7541],[74.8689,12.759],[74.8649,12.7603],[74.8236,12.8469],[74.7763,13.0717]]]}},{"type":"Feature","properties":{"district":"Bengaluru Urban"},"geometry":{"type":"Polygon","coordinates":[[[77.3311,12.9744],[77.3427,12.9754],[77.3476,12.9744],[77.3496,12.9757],[77.3718,12.9923],[77.3698,13.0134],[77.3754,13.0287],[77.389,13.0265],[77.3939,13.0531],[77.384,13.0661],[77.384,13.0671],[77.4237,13.0704],[77.4287,13.086],[77.4287,13.0866],[77.4161,13.0931],[77.4178,13.1049],[77.3939,13.1182],[77.4085,13.1237],[77.4317,13.165],[77.4677,13.1624],[77.48,13.2233],[77.5114,13.2285],[77.5223,13.209],[77.5455,13.2324],[77.5591,13.2317],[77.5567,13.2194],[77.5696,13.2161],[77.5667,13.2015],[77.5743,13.1989],[77.5759,13.1986],[77.6001,13.1966],[77.6173,13.2106],[77.6603,13.2008],[77.6547,13.1881],[77.663,13.1839],[77.6868,13.1934],[77.6841,13.2034],[77.6984,13.1895],[77.7255,13.1927],[77.7328,13.1595],[77.7245,13.1267],[77.7324,13.1149],[77.7649,13.1078],[77.7602,13.074],[77.7811,13.0339],[77.7712,13.0141],[77.7791,12.9702],[77.7652,12.9425],[77.7976,12.9184],[77.8109,12.9331],[77.8324,12.9266],[77.8162,12.9149],[77.831,12.8664],[77.8158,12.854],[77.8052,12.8488],[77.7989,12.8517],[77.793,12.843],[77.7927,12.8426],[77.7923,12.8423],[77.8099,12.8316],[77.7996,12.8052],[77.8085,12.7968],[77.7788,12.7678],[77.7933,12.7499],[77.793,12.7493],[77.7632,12.7369],[77.7612,12.7275],[77.7745,12.7242],[77.7619,12.6975],[77.7374,12.6978],[77.7391,12.6728],[77.7384,12.6728],[77.7116,12.6832],[77.7027,12.6614],[77.6785,12.6604],[77.6765,12.6796],[77.66,12.6839],[77.6007,12.6679],[77.6153,12.7092],[77.5941,12.7222],[77.5673,12.7011],[77.5564,12.7307],[77.569,12.7297],[77.5759,12.7515],[77.5948,12.7525],[77.5974,12.7658],[77.5918,12.773],[77.5806,12.7873],[77.5653,12.759],[77.56,12.7844],[77.5627,12.7873],[77.5587,12.7912],[77.5505,12.799],[77.5485,12.8007],[77.5481,12.7987],[77.5442,12.7759],[77.5524,12.7724],[77.5409,12.7502],[77.5342,12.7561],[77.5213,12.7323],[77.5137,12.7502],[77.5048,12.7323],[77.4737,12.7571],[77.4777,12.7815],[77.4694,12.7951],[77.4846,12.8007],[77.48,12.8088],[77.4515,12.8182],[77.436,12.8104],[77.4333,12.8234],[77.4194,12.8264],[77.4379,12.8501],[77.4267,12.8504],[77.4184,12.8696],[77.43,12.8755],[77.4105,12.8768],[77.3794,12.855],[77.3655,12.8716],[77.335,12.8784],[77.3334,12.8879],[77.3433,12.8882],[77.3393,12.9441],[77.3311,12.9744]]]}},{"type":"Feature","properties":{"district":"Kodagu"},"geometry":{"type":"Polygon","coordinates":[[[75.6667,12.6975],[75.6998,12.7047],[75.713,12.7076],[75.7607,12.6741],[75.8076,12.7018],[75.8328,12.6715],[75.8341,12.6715],[75.8404,12.6715],[75.8778,12.6718],[75.8841,12.6764],[75.8867,12.678],[75.8874,12.6787],[75.8867,12.705],[75.8854,12.7057],[75.855,12.7235],[75.8493,12.7499],[75.8599,12.7574],[75.8583,12.7697],[75.8781,12.7769],[75.8649,12.7951],[75.8639,12.8166],[75.8639,12.8179],[75.8798,12.8338],[75.9112,12.8153],[75.9198,12.8283],[75.9301,12.8081],[75.9301,12.8078],[75.9304,12.8078],[75.9691,12.8049],[75.9708,12.7841],[75.9331,12.7639],[75.942,12.7203],[75.9652,12.7109],[75.9595,12.6832],[75.94,12.6764],[75.94,12.676],[75.9479,12.664],[75.9357,12.6302],[75.9489,12.6237],[75.9397,12.6087],[75.9625,12.5612],[75.9754,12.5635],[75.9688,12.5768],[75.9886,12.5742],[75.9923,12.5889],[76.0138,12.5697],[76.0188,12.5706],[76.0125,12.5544],[75.992,12.5622],[75.9926,12.5609],[75.9989,12.5475],[75.9833,12.5404],[75.9939,12.5222],[75.9754,12.5199],[75.9582,12.4906],[75.9714,12.4509],[75.9714,12.4503],[75.9638,12.448],[75.9291,12.4395],[75.9281,12.4372],[75.9096,12.4002],[75.9086,12.3982],[75.9106,12.3962],[75.9221,12.3842],[75.9605,12.3439],[76.0012,12.3305],[75.9946,12.3175],[76.0145,12.2925],[76.0247,12.2489],[76.0621,12.2492],[76.1018,12.1971],[76.1332,12.1916],[76.1442,12.1545],[76.171,12.1187],[76.1892,12.0501],[76.1829,12.0325],[76.1521,12.0195],[76.1511,12.0185],[76.1501,12.0175],[76.1137,11.9801],[76.07,11.9671],[76.0032,11.9313],[75.937,11.9417],[75.9367,11.9408],[75.8702,11.9521],[75.847,11.9821],[75.8295,11.9847],[75.8229,12.013],[75.801,12.0371],[75.7944,12.0546],[75.7941,12.0556],[75.7941,12.0559],[75.8027,12.0794],[75.7537,12.0855],[75.7147,12.0706],[75.718,12.0855],[75.7021,12.0924],[75.7034,12.1083],[75.6617,12.0986],[75.6488,12.1086],[75.6359,12.1483],[75.6194,12.1558],[75.5926,12.147],[75.577,12.1568],[75.5525,12.1919],[75.5327,12.2004],[75.5396,12.2157],[75.485,12.2899],[75.4142,12.2895],[75.4145,12.2902],[75.4304,12.3071],[75.4318,12.3087],[75.4106,12.3471],[75.4215,12.3728],[75.3791,12.3923],[75.3659,12.4119],[75.3659,12.4577],[75.3662,12.4577],[75.3934,12.4516],[75.4225,12.4727],[75.4205,12.487],[75.4162,12.4997],[75.4162,12.4997],[75.4165,12.5153],[75.4288,12.515],[75.4344,12.5303],[75.4725,12.4994],[75.4619,12.488],[75.4645,12.4721],[75.49,12.46],[75.4933,12.4838],[75.5237,12.4899],[75.529,12.4994],[75.5658,12.486],[75.5562,12.5013],[75.5909,12.5401],[75.6147,12.5101],[75.6644,12.5466],[75.668,12.5492],[75.6707,12.5511],[75.664,12.5788],[75.6581,12.6032],[75.6544,12.6185],[75.6419,12.6331],[75.6667,12.6975]]]}},{"type":"Feature","properties":{"district":"Chamarajanagara"},"geometry":{"type":"Polygon","coordinates":[[[76.4138,11.7589],[76.4142,11.7589],[76.4228,11.7761],[76.4228,11.7765],[76.4132,11.7878],[76.4287,11.7957],[76.4099,11.8113],[76.4621,11.7927],[76.4688,11.8191],[76.4926,11.8223],[76.4913,11.861],[76.5346,11.8734],[76.5535,11.8588],[76.5568,11.8949],[76.5766,11.9235],[76.5574,11.9489],[76.5783,11.9883],[76.6428,11.9831],[76.6511,12.0081],[76.6944,12.0006],[76.705,11.9853],[76.7173,11.985],[76.7408,12.0094],[76.7937,11.9863],[76.792,12.0107],[76.8116,12.027],[76.8202,12.0273],[76.8212,12.011],[76.8364,12.0],[76.8566,11.9996],[76.883,12.0156],[76.8857,12.0013],[76.9042,11.999],[76.936,12.0133],[76.939,12.0263],[76.9151,12.026],[76.8907,12.0582],[76.8536,12.0598],[76.8701,12.0631],[76.884,12.0826],[76.8768,12.1151],[76.8457,12.1132],[76.8314,12.1321],[76.8407,12.1561],[76.8536,12.1594],[76.8457,12.1675],[76.8516,12.1789],[76.8715,12.174],[76.8715,12.1415],[76.891,12.121],[76.9489,12.0976],[76.9893,12.1405],[76.9929,12.1757],[76.9936,12.1757],[77.0038,12.16],[77.0141,12.1633],[77.0161,12.134],[77.0161,12.1337],[77.0369,12.1392],[77.0399,12.1285],[77.0448,12.1692],[77.0846,12.191],[77.1223,12.1971],[77.1342,12.2261],[77.1342,12.2267],[77.1325,12.2293],[77.1239,12.2427],[77.1084,12.2407],[77.1084,12.2407],[77.1699,12.2599],[77.1666,12.31],[77.1666,12.31],[77.2252,12.3035],[77.2679,12.3143],[77.3026,12.2986],[77.3261,12.3074],[77.3268,12.3078],[77.3463,12.2824],[77.3708,12.2811],[77.4151,12.2856],[77.4267,12.2869],[77.4303,12.2873],[77.4323,12.283],[77.4482,12.2502],[77.471,12.2437],[77.4724,12.242],[77.4783,12.2401],[77.4777,12.2355],[77.472,12.2079],[77.4724,12.2079],[77.4734,12.2072],[77.5051,12.1984],[77.5349,12.2004],[77.5528,12.202],[77.6087,12.2059],[77.6097,12.2062],[77.6107,12.2062],[77.6137,12.2056],[77.7265,12.1815],[77.7301,12.1805],[77.7301,12.1805],[77.7314,12.1802],[77.7467,12.1558],[77.7496,12.1386],[77.7764,12.1122],[77.7089,12.0361],[77.6755,11.9521],[77.6534,11.9547],[77.6239,11.9447],[77.5868,11.9395],[77.561,11.9421],[77.5379,11.9326],[77.4949,11.944],[77.4945,11.9434],[77.4863,11.8874],[77.4614,11.9001],[77.4667,11.8471],[77.4274,11.7608],[77.3943,11.7878],[77.3648,11.7904],[77.3605,11.7797],[77.335,11.7713],[77.2937,11.809],[77.2881,11.8005],[77.2497,11.8132],[77.2384,11.7947],[77.1107,11.7735],[77.1176,11.7211],[77.0803,11.7361],[77.0564,11.7699],[77.0697,11.7823],[77.063,11.7904],[77.0465,11.7878],[77.0349,11.7699],[77.029,11.7748],[77.0386,11.794],[77.0128,11.8148],[76.982,11.8116],[76.9697,11.7771],[76.9539,11.7921],[76.9079,11.7953],[76.8883,11.7338],[76.8625,11.7111],[76.8351,11.6554],[76.8347,11.6395],[76.8582,11.6141],[76.847,11.5946],[76.8238,11.6076],[76.757,11.6187],[76.614,11.6076],[76.5922,11.6187],[76.5766,11.6148],[76.5598,11.6226],[76.5505,11.6743],[76.5118,11.7052],[76.4817,11.6925],[76.4582,11.6645],[76.4171,11.6717],[76.4168,11.6717],[76.4165,11.6723],[76.4042,11.7085],[76.4033,11.7111],[76.4274,11.726],[76.4105,11.7423],[76.4105,11.7423],[76.4105,11.7426],[76.4138,11.7589]]]}},{"type":"Feature","properties":{"district":"Tumakuru"},"geometry":{"type":"MultiPolygon","coordinates":[[[[77.0806,13.0704],[77.0806,13.0707],[77.0822,13.0736],[77.0822,13.074],[77.0826,13.0733],[77.0829,13.0723],[77.0832,13.071],[77.0806,13.0704]]],[[[76.353,13.5795],[76.3735,13.5932],[76.3827,13.5769],[76.3996,13.5948],[76.4132,13.5782],[76.4304,13.5932],[76.4552,13.5909],[76.4608,13.6189],[76.5002,13.6218],[76.534,13.6508],[76.5297,13.6661],[76.5399,13.6632],[76.5766,13.6902],[76.5694,13.7146],[76.621,13.7341],[76.6299,13.7136],[76.6729,13.7188],[76.6852,13.6905],[76.6845,13.7299],[76.6981,13.7715],[76.7239,13.7998],[76.7312,13.7845],[76.749,13.7806],[76.7646,13.7819],[76.7689,13.7953],[76.7666,13.8359],[76.7229,13.8984],[76.7523,13.9065],[76.7494,13.9163],[76.7646,13.9244],[76.8155,13.916],[76.8112,13.9365],[76.85,13.9635],[76.8486,13.9804],[76.8235,13.9944],[76.8374,14.0181],[76.8728,14.0093],[76.8887,14.048],[76.9102,14.0643],[76.9231,14.0572],[76.9284,14.078],[76.9482,14.0946],[76.9486,14.092],[76.9734,14.0835],[76.9727,14.0604],[76.9323,14.0539],[76.931,14.0302],[76.9995,13.9905],[76.9939,13.9625],[77.0415,13.9335],[77.0472,13.9065],[77.023,13.9026],[77.0141,13.8603],[76.9922,13.8489],[76.978,13.8268],[76.9764,13.8174],[76.9896,13.8128],[76.9853,13.7907],[76.9985,13.7455],[77.0164,13.7386],[77.0243,13.7793],[77.0435,13.7777],[77.0647,13.7438],[77.0855,13.7425],[77.0905,13.7673],[77.1729,13.7621],[77.1785,13.7829],[77.1577,13.806],[77.1686,13.8297],[77.1282,13.8564],[77.1478,13.8685],[77.1686,13.8646],[77.162,13.9065],[77.1848,13.9251],[77.1908,13.9121],[77.1815,13.8698],[77.2004,13.8629],[77.2133,13.8864],[77.2199,13.8678],[77.2358,13.9042],[77.2483,13.9013],[77.2464,13.8678],[77.2593,13.8633],[77.2566,13.8467],[77.2884,13.8476],[77.3115,13.8665],[77.3254,13.8333],[77.3625,13.8541],[77.382,13.8395],[77.4327,13.8434],[77.4164,13.8089],[77.4171,13.8086],[77.4161,13.8066],[77.425,13.8021],[77.4227,13.7992],[77.4346,13.7972],[77.436,13.7969],[77.437,13.7969],[77.4452,13.8112],[77.4634,13.8063],[77.4565,13.7887],[77.4707,13.7582],[77.4651,13.711],[77.4502,13.711],[77.4545,13.6863],[77.4555,13.6824],[77.4363,13.6794],[77.3972,13.6736],[77.3645,13.6287],[77.3622,13.6218],[77.3632,13.5903],[77.3741,13.59],[77.3824,13.5753],[77.3827,13.5421],[77.3893,13.535],[77.391,13.533],[77.3916,13.5327],[77.3863,13.5142],[77.3734,13.4702],[77.3486,13.4572],[77.3628,13.4201],[77.346,13.4175],[77.3387,13.329],[77.3119,13.3222],[77.3086,13.3108],[77.2811,13.3105],[77.2818,13.2975],[77.2699,13.3111],[77.2493,13.3017],[77.2292,13.3134],[77.2192,13.263],[77.1885,13.2763],[77.1835,13.2578],[77.1924,13.2435],[77.1828,13.2288],[77.2076,13.1966],[77.203,13.1846],[77.2027,13.1829],[77.1964,13.1842],[77.1676,13.1908],[77.1623,13.1921],[77.1478,13.1742],[77.1385,13.1781],[77.119,13.1621],[77.116,13.1302],[77.0958,13.1459],[77.0922,13.1358],[77.0832,13.1335],[77.0733,13.1241],[77.0809,13.0902],[77.0683,13.0681],[77.0773,13.0583],[77.0697,13.0401],[77.1183,13.0147],[77.0981,12.9994],[77.1054,12.9926],[77.1296,12.9955],[77.1246,13.0063],[77.1345,13.0053],[77.1448,12.9877],[77.1299,12.978],[77.1574,12.9581],[77.1653,12.9292],[77.158,12.9136],[77.1398,12.9181],[77.1325,12.8979],[77.1071,12.8944],[77.1186,12.8839],[77.1315,12.8882],[77.1312,12.8592],[77.1491,12.8488],[77.1494,12.8306],[77.1587,12.8273],[77.1438,12.8143],[77.1511,12.7919],[77.1494,12.7889],[77.1501,12.787],[77.1474,12.7857],[77.1269,12.7753],[77.1243,12.774],[77.1236,12.774],[77.1213,12.7743],[77.0975,12.7763],[77.0925,12.7528],[77.0803,12.759],[77.0776,12.7493],[77.0766,12.7457],[77.0673,12.7584],[77.0488,12.7476],[77.0435,12.7782],[77.0253,12.7632],[77.0091,12.7642],[77.0098,12.7824],[76.9982,12.7759],[76.9757,12.7912],[76.973,12.8036],[76.9244,12.8039],[76.8923,12.8472],[76.889,12.8976],[76.8655,12.9051],[76.8672,12.9188],[76.8963,12.9204],[76.8916,12.9327],[76.8625,12.9279],[76.8397,12.9458],[76.8397,12.9734],[76.8529,12.9786],[76.8145,13.0138],[76.7858,13.0154],[76.7725,13.033],[76.7686,13.0346],[76.6934,13.0369],[76.6729,13.0554],[76.6547,13.0121],[76.6524,13.0073],[76.6395,13.0069],[76.6322,13.0043],[76.613,13.006],[76.613,13.006],[76.613,13.006],[76.6048,13.032],[76.6021,13.0401],[76.6054,13.0525],[76.6054,13.0531],[76.6061,13.0548],[76.6197,13.0541],[76.6094,13.0687],[76.6044,13.0713],[76.5273,13.0788],[76.5207,13.0743],[76.5158,13.0687],[76.5148,13.07],[76.4946,13.0948],[76.4724,13.0931],[76.4724,13.0931],[76.4731,13.1498],[76.4552,13.1501],[76.4449,13.1699],[76.4125,13.1917],[76.3708,13.2005],[76.3798,13.2317],[76.3645,13.234],[76.3563,13.2493],[76.3523,13.2945],[76.3477,13.3014],[76.347,13.3525],[76.347,13.3583],[76.347,13.3599],[76.3814,13.3642],[76.3903,13.3912],[76.395,13.4058],[76.4006,13.4227],[76.4198,13.4484],[76.4069,13.4592],[76.4152,13.479],[76.396,13.4937],[76.3966,13.5041],[76.4152,13.5089],[76.4274,13.5255],[76.4006,13.5265],[76.3639,13.5473],[76.353,13.5795]]],[[[77.0028,14.198],[76.9992,14.2293],[77.0055,14.2322],[77.0058,14.2358],[77.019,14.2387],[77.0495,14.2449],[77.0535,14.2446],[77.0812,14.2143],[77.1008,14.2172],[77.108,14.2215],[77.115,14.2254],[77.1167,14.2263],[77.1206,14.2631],[77.1153,14.2657],[77.1157,14.2817],[77.1226,14.2992],[77.1342,14.3285],[77.1378,14.3373],[77.1587,14.3415],[77.1617,14.3418],[77.1974,14.3213],[77.2381,14.3174],[77.2867,14.3402],[77.2834,14.2826],[77.3638,14.2758],[77.3595,14.2341],[77.379,14.2267],[77.3926,14.199],[77.3926,14.199],[77.4184,14.2091],[77.4181,14.2111],[77.4181,14.2182],[77.4178,14.226],[77.4088,14.2599],[77.3873,14.2709],[77.3784,14.3028],[77.389,14.3331],[77.4092,14.3366],[77.4284,14.3288],[77.4313,14.3129],[77.4462,14.3174],[77.4502,14.2807],[77.479,14.2921],[77.4982,14.2787],[77.5035,14.2599],[77.4929,14.2309],[77.5048,14.1941],[77.517,14.186],[77.5035,14.157],[77.4671,14.172],[77.3936,14.1743],[77.379,14.1359],[77.3516,14.131],[77.3516,14.13],[77.3476,14.1037],[77.3906,14.1268],[77.4009,14.1187],[77.3605,14.0627],[77.3407,14.0601],[77.3324,14.0308],[77.3903,14.0168],[77.3817,13.9761],[77.426,13.9862],[77.4379,13.9755],[77.4353,13.9475],[77.4121,13.9456],[77.4158,13.9241],[77.435,13.915],[77.3989,13.8883],[77.3979,13.9065],[77.3569,13.9042],[77.3479,13.916],[77.3714,13.9527],[77.3496,13.9583],[77.3612,13.9908],[77.3364,13.9953],[77.3221,14.0302],[77.3066,14.0321],[77.2751,14.0113],[77.2788,14.0324],[77.2705,14.0344],[77.2454,14.0119],[77.1739,14.0129],[77.1729,14.0012],[77.1497,14.0012],[77.1491,14.0015],[77.1276,14.0471],[77.0789,14.0425],[77.0763,14.0533],[77.0283,14.062],[77.028,14.0627],[77.03,14.0881],[77.0147,14.1004],[77.0263,14.1252],[77.026,14.1749],[77.0214,14.1889],[77.0028,14.198]]]]}},{"type":"Feature","properties":{"district":"Ramanagara"},"geometry":{"type":"Polygon","coordinates":[[[77.203,13.1846],[77.2037,13.1846],[77.2176,13.1449],[77.2751,13.1527],[77.2685,13.1188],[77.2847,13.1345],[77.2927,13.1101],[77.3142,13.1062],[77.3109,13.0463],[77.3284,13.0502],[77.3311,13.043],[77.3221,13.0082],[77.3225,13.006],[77.3304,12.9773],[77.3311,12.9744],[77.3393,12.9441],[77.3433,12.8882],[77.3334,12.8879],[77.335,12.8784],[77.3655,12.8716],[77.3794,12.855],[77.4105,12.8768],[77.43,12.8755],[77.4184,12.8696],[77.4267,12.8504],[77.4379,12.8501],[77.4194,12.8264],[77.4333,12.8234],[77.436,12.8104],[77.4515,12.8182],[77.48,12.8088],[77.4846,12.8007],[77.4694,12.7951],[77.4777,12.7815],[77.4737,12.7571],[77.5048,12.7323],[77.5137,12.7502],[77.5213,12.7323],[77.5342,12.7561],[77.5409,12.7502],[77.5524,12.7724],[77.5442,12.7759],[77.5481,12.7987],[77.5485,12.8007],[77.5505,12.799],[77.5587,12.7912],[77.5627,12.7873],[77.56,12.7844],[77.5653,12.759],[77.5806,12.7873],[77.5918,12.773],[77.5974,12.7658],[77.5948,12.7525],[77.5759,12.7515],[77.569,12.7297],[77.5564,12.7307],[77.5673,12.7011],[77.5941,12.7222],[77.6153,12.7092],[77.6007,12.6679],[77.5988,12.6673],[77.5994,12.664],[77.5974,12.6585],[77.6057,12.6285],[77.6031,12.6263],[77.5915,12.6159],[77.5911,12.6152],[77.5905,12.6116],[77.5812,12.5579],[77.5802,12.5518],[77.5872,12.5147],[77.6163,12.5091],[77.5835,12.4789],[77.6074,12.4753],[77.6262,12.4965],[77.6345,12.488],[77.6342,12.4847],[77.6176,12.3744],[77.6156,12.3673],[77.5786,12.3357],[77.5514,12.2912],[77.5329,12.2915],[77.5184,12.2791],[77.4876,12.2804],[77.479,12.2713],[77.471,12.2437],[77.4482,12.2502],[77.4323,12.283],[77.4303,12.2873],[77.4267,12.2869],[77.4151,12.2856],[77.3708,12.2811],[77.3463,12.2824],[77.3268,12.3078],[77.3261,12.3074],[77.3254,12.3084],[77.3304,12.3621],[77.3132,12.3923],[77.2861,12.393],[77.2851,12.4288],[77.2702,12.434],[77.2692,12.4649],[77.2361,12.4701],[77.2351,12.4834],[77.2255,12.4743],[77.2378,12.5],[77.2242,12.5026],[77.2133,12.4851],[77.1683,12.4854],[77.1471,12.462],[77.1256,12.4825],[77.1315,12.5186],[77.1143,12.5534],[77.1279,12.5534],[77.1286,12.57],[77.108,12.6084],[77.1223,12.6237],[77.1004,12.6305],[77.0975,12.6738],[77.0975,12.6757],[77.0736,12.6806],[77.0806,12.7466],[77.0786,12.7483],[77.0776,12.7493],[77.0803,12.759],[77.0925,12.7528],[77.0975,12.7763],[77.1213,12.7743],[77.1236,12.774],[77.1243,12.774],[77.1269,12.7753],[77.1474,12.7857],[77.1501,12.787],[77.1494,12.7889],[77.1511,12.7919],[77.1438,12.8143],[77.1587,12.8273],[77.1494,12.8306],[77.1491,12.8488],[77.1312,12.8592],[77.1315,12.8882],[77.1186,12.8839],[77.1071,12.8944],[77.1325,12.8979],[77.1398,12.9181],[77.158,12.9136],[77.1653,12.9292],[77.1574,12.9581],[77.1299,12.978],[77.1448,12.9877],[77.1345,13.0053],[77.1246,13.0063],[77.1296,12.9955],[77.1054,12.9926],[77.0981,12.9994],[77.1183,13.0147],[77.0697,13.0401],[77.0773,13.0583],[77.0683,13.0681],[77.0809,13.0902],[77.0733,13.1241],[77.0832,13.1335],[77.0922,13.1358],[77.0958,13.1459],[77.116,13.1302],[77.119,13.1621],[77.1385,13.1781],[77.1478,13.1742],[77.1623,13.1921],[77.1676,13.1908],[77.1964,13.1842],[77.2027,13.1829],[77.203,13.1846]],[[77.0806,13.0704],[77.0832,13.071],[77.0829,13.0723],[77.0826,13.0733],[77.0822,13.074],[77.0822,13.0736],[77.0806,13.0707],[77.0806,13.0704]]]}},{"type":"Feature","properties":{"district":"Mandya"},"geometry":{"type":"MultiPolygon","coordinates":[[[[76.9704,12.2554],[76.9697,12.2739],[76.982,12.2703],[76.9823,12.2557],[76.9704,12.2554]]],[[[76.8983,12.3569],[76.8989,12.3738],[76.9175,12.3803],[76.9184,12.3712],[76.9135,12.3585],[76.8983,12.3569]]],[[[76.3424,12.6552],[76.342,12.6559],[76.342,12.6559],[76.353,12.6679],[76.3629,12.7014],[76.3616,12.7031],[76.3414,12.732],[76.3573,12.7502],[76.343,12.7613],[76.3496,12.7857],[76.3348,12.7876],[76.3341,12.7896],[76.3324,12.8078],[76.3682,12.8091],[76.3695,12.8286],[76.3827,12.8312],[76.386,12.8452],[76.4085,12.8439],[76.4135,12.8644],[76.4254,12.8579],[76.4254,12.8251],[76.4459,12.8234],[76.4714,12.7987],[76.4552,12.7811],[76.4747,12.7717],[76.4896,12.7857],[76.4929,12.7671],[76.4999,12.7805],[76.4899,12.8065],[76.5184,12.8264],[76.5204,12.8413],[76.5776,12.8469],[76.579,12.8732],[76.5965,12.881],[76.5965,12.9214],[76.6061,12.9386],[76.6163,12.9373],[76.6117,12.9653],[76.6319,12.9799],[76.6336,12.9812],[76.6322,13.0043],[76.6395,13.0069],[76.6524,13.0073],[76.6547,13.0121],[76.6729,13.0554],[76.6934,13.0369],[76.7686,13.0346],[76.7725,13.033],[76.7858,13.0154],[76.8145,13.0138],[76.8529,12.9786],[76.8397,12.9734],[76.8397,12.9458],[76.8625,12.9279],[76.8916,12.9327],[76.8963,12.9204],[76.8672,12.9188],[76.8655,12.9051],[76.889,12.8976],[76.8923,12.8472],[76.9244,12.8039],[76.973,12.8036],[76.9757,12.7912],[76.9982,12.7759],[77.0098,12.7824],[77.0091,12.7642],[77.0253,12.7632],[77.0435,12.7782],[77.0488,12.7476],[77.0673,12.7584],[77.0766,12.7457],[77.0776,12.7493],[77.0786,12.7483],[77.0806,12.7466],[77.0736,12.6806],[77.0975,12.6757],[77.0975,12.6738],[77.1004,12.6305],[77.1223,12.6237],[77.108,12.6084],[77.1286,12.57],[77.1279,12.5534],[77.1143,12.5534],[77.1315,12.5186],[77.1256,12.4825],[77.1471,12.462],[77.1683,12.4854],[77.2133,12.4851],[77.2242,12.5026],[77.2378,12.5],[77.2255,12.4743],[77.2351,12.4834],[77.2361,12.4701],[77.2692,12.4649],[77.2702,12.434],[77.2851,12.4288],[77.2861,12.393],[77.3132,12.3923],[77.3304,12.3621],[77.3254,12.3084],[77.3261,12.3074],[77.3026,12.2986],[77.2679,12.3143],[77.2252,12.3035],[77.1666,12.31],[77.1666,12.31],[77.1699,12.2599],[77.1084,12.2407],[77.1084,12.2407],[77.1084,12.2407],[77.1061,12.2206],[77.0779,12.2212],[77.0786,12.2365],[77.0362,12.2323],[76.9952,12.2424],[76.9906,12.2869],[76.9717,12.2905],[76.977,12.3071],[76.9929,12.3006],[76.9979,12.313],[76.9866,12.3335],[76.9767,12.3279],[76.977,12.353],[76.9562,12.3523],[76.9575,12.3269],[76.9218,12.3217],[76.932,12.3383],[76.9241,12.3533],[76.939,12.3527],[76.9376,12.4005],[76.9224,12.4418],[76.9049,12.4366],[76.9002,12.4089],[76.8774,12.3998],[76.8543,12.4086],[76.8324,12.4024],[76.8331,12.3845],[76.8145,12.3871],[76.803,12.3553],[76.7656,12.3504],[76.7639,12.3117],[76.754,12.3022],[76.7434,12.3182],[76.7315,12.3165],[76.7305,12.3426],[76.7189,12.3566],[76.7001,12.3507],[76.6819,12.367],[76.6829,12.391],[76.6524,12.3943],[76.6468,12.3949],[76.6435,12.3953],[76.622,12.3676],[76.566,12.352],[76.5664,12.3819],[76.5551,12.392],[76.5654,12.3992],[76.5674,12.4259],[76.4519,12.4838],[76.4522,12.5056],[76.4228,12.5326],[76.4277,12.5423],[76.4112,12.5579],[76.391,12.5524],[76.3963,12.5732],[76.3768,12.5765],[76.3626,12.6285],[76.3427,12.6556],[76.3424,12.6552]]]]}},{"type":"Feature","properties":{"district":"Mysuru"},"geometry":{"type":"Polygon","coordinates":[[[76.0188,12.5706],[76.0191,12.571],[76.0456,12.5771],[76.0522,12.5544],[76.0906,12.5456],[76.0863,12.5388],[76.1154,12.5127],[76.1141,12.527],[76.1332,12.5287],[76.1514,12.5472],[76.1524,12.5797],[76.1964,12.5775],[76.1921,12.5941],[76.2153,12.6217],[76.2057,12.6289],[76.2193,12.6445],[76.2457,12.637],[76.2547,12.6204],[76.2798,12.6338],[76.2802,12.6168],[76.3003,12.6292],[76.3096,12.6227],[76.3063,12.6103],[76.3265,12.6113],[76.3278,12.6113],[76.3235,12.6351],[76.3424,12.6552],[76.3427,12.6556],[76.3626,12.6285],[76.3768,12.5765],[76.3963,12.5732],[76.391,12.5524],[76.4112,12.5579],[76.4277,12.5423],[76.4228,12.5326],[76.4522,12.5056],[76.4519,12.4838],[76.5674,12.4259],[76.5654,12.3992],[76.5551,12.392],[76.5664,12.3819],[76.566,12.352],[76.622,12.3676],[76.6435,12.3953],[76.6468,12.3949],[76.6524,12.3943],[76.6829,12.391],[76.6819,12.367],[76.7001,12.3507],[76.7189,12.3566],[76.7305,12.3426],[76.7315,12.3165],[76.7434,12.3182],[76.754,12.3022],[76.7639,12.3117],[76.7656,12.3504],[76.803,12.3553],[76.8145,12.3871],[76.8331,12.3845],[76.8324,12.4024],[76.8543,12.4086],[76.8774,12.3998],[76.9002,12.4089],[76.9049,12.4366],[76.9224,12.4418],[76.9376,12.4005],[76.939,12.3527],[76.9241,12.3533],[76.932,12.3383],[76.9218,12.3217],[76.9575,12.3269],[76.9562,12.3523],[76.977,12.353],[76.9767,12.3279],[76.9866,12.3335],[76.9979,12.313],[76.9929,12.3006],[76.977,12.3071],[76.9717,12.2905],[76.9906,12.2869],[76.9952,12.2424],[77.0362,12.2323],[77.0786,12.2365],[77.0779,12.2212],[77.1061,12.2206],[77.1084,12.2407],[77.1084,12.2407],[77.1239,12.2427],[77.1325,12.2293],[77.1342,12.2267],[77.1342,12.2261],[77.1223,12.1971],[77.0846,12.191],[77.0448,12.1692],[77.0399,12.1285],[77.0369,12.1392],[77.0161,12.1337],[77.0161,12.134],[77.0141,12.1633],[77.0038,12.16],[76.9936,12.1757],[76.9929,12.1757],[76.9893,12.1405],[76.9489,12.0976],[76.891,12.121],[76.8715,12.1415],[76.8715,12.174],[76.8516,12.1789],[76.8457,12.1675],[76.8536,12.1594],[76.8407,12.1561],[76.8314,12.1321],[76.8457,12.1132],[76.8768,12.1151],[76.884,12.0826],[76.8701,12.0631],[76.8536,12.0598],[76.8907,12.0582],[76.9151,12.026],[76.939,12.0263],[76.936,12.0133],[76.9042,11.999],[76.8857,12.0013],[76.883,12.0156],[76.8566,11.9996],[76.8364,12.0],[76.8212,12.011],[76.8202,12.0273],[76.8116,12.027],[76.792,12.0107],[76.7937,11.9863],[76.7408,12.0094],[76.7173,11.985],[76.705,11.9853],[76.6944,12.0006],[76.6511,12.0081],[76.6428,11.9831],[76.5783,11.9883],[76.5574,11.9489],[76.5766,11.9235],[76.5568,11.8949],[76.5535,11.8588],[76.5346,11.8734],[76.4913,11.861],[76.4926,11.8223],[76.4688,11.8191],[76.4621,11.7927],[76.4099,11.8113],[76.4287,11.7957],[76.4132,11.7878],[76.4228,11.7765],[76.4228,11.7761],[76.4142,11.7589],[76.4138,11.7589],[76.3523,11.7384],[76.3457,11.7407],[76.3185,11.7514],[76.3076,11.7849],[76.2802,11.8126],[76.2454,11.8031],[76.2236,11.8083],[76.2097,11.8275],[76.2074,11.8617],[76.1905,11.8711],[76.1561,11.8702],[76.12,11.8503],[76.1127,11.8584],[76.1124,11.9788],[76.1137,11.9801],[76.1501,12.0175],[76.1511,12.0185],[76.1521,12.0195],[76.1829,12.0325],[76.1892,12.0501],[76.171,12.1187],[76.1442,12.1545],[76.1332,12.1916],[76.1018,12.1971],[76.0621,12.2492],[76.0247,12.2489],[76.0145,12.2925],[75.9946,12.3175],[76.0012,12.3305],[75.9605,12.3439],[75.9221,12.3842],[75.9106,12.3962],[75.9086,12.3982],[75.9096,12.4002],[75.9281,12.4372],[75.9291,12.4395],[75.9638,12.448],[75.9714,12.4503],[75.9714,12.4509],[75.9582,12.4906],[75.9754,12.5199],[75.9939,12.5222],[75.9833,12.5404],[75.9989,12.5475],[75.9926,12.5609],[75.992,12.5622],[76.0125,12.5544],[76.0188,12.5706]],[[76.9704,12.2554],[76.9823,12.2557],[76.982,12.2703],[76.9697,12.2739],[76.9704,12.2554]],[[76.8983,12.3569],[76.9135,12.3585],[76.9184,12.3712],[76.9175,12.3803],[76.8989,12.3738],[76.8983,12.3569]]]}},{"type":"Feature","properties":{"district":"Vijayapura"},"geometry":{"type":"Polygon","coordinates":[[[76.0753,17.3364],[76.073,17.3364],[76.0724,17.3341],[76.0651,17.3123],[76.0664,17.3113],[76.0995,17.2911],[76.0992,17.2902],[76.0949,17.2765],[76.0886,17.2576],[76.0886,17.257],[76.1276,17.2449],[76.1819,17.1926],[76.1882,17.1864],[76.2206,17.1854],[76.2418,17.1522],[76.2428,17.1509],[76.2461,17.1509],[76.2563,17.1509],[76.2639,17.1509],[76.2768,17.1675],[76.3334,17.1708],[76.3563,17.1887],[76.3688,17.1669],[76.3599,17.1402],[76.3946,17.1431],[76.3913,17.1307],[76.3622,17.1161],[76.3903,17.0972],[76.388,17.0725],[76.3983,17.0699],[76.4294,17.0995],[76.4274,17.0536],[76.4406,16.9967],[76.4367,16.9817],[76.4003,16.9772],[76.3989,16.9352],[76.4281,16.9274],[76.434,16.9433],[76.4585,16.928],[76.4655,16.9027],[76.4337,16.8978],[76.4334,16.8818],[76.438,16.8679],[76.4585,16.8669],[76.4711,16.8389],[76.4294,16.8373],[76.4291,16.8506],[76.3745,16.8587],[76.3523,16.8197],[76.4138,16.8135],[76.4102,16.7989],[76.3774,16.8018],[76.3708,16.7686],[76.436,16.7644],[76.4403,16.7419],[76.4291,16.7377],[76.4228,16.7169],[76.441,16.7136],[76.4486,16.7215],[76.4522,16.7221],[76.4608,16.711],[76.4615,16.711],[76.4621,16.7084],[76.4522,16.7143],[76.4254,16.6954],[76.4049,16.643],[76.434,16.5188],[76.4353,16.4377],[76.4347,16.4377],[76.3903,16.4381],[76.3854,16.4257],[76.3576,16.4221],[76.3321,16.427],[76.3331,16.3935],[76.3331,16.3912],[76.3106,16.3968],[76.306,16.3811],[76.3142,16.3453],[76.2924,16.3314],[76.303,16.319],[76.2997,16.2832],[76.348,16.2777],[76.353,16.2354],[76.3321,16.195],[76.3314,16.1941],[76.298,16.1849],[76.2805,16.1527],[76.2405,16.1648],[76.2385,16.1651],[76.1938,16.1784],[76.17,16.1846],[76.1392,16.181],[76.0677,16.2077],[76.0671,16.209],[76.0634,16.2165],[76.0578,16.2276],[76.0644,16.238],[76.0654,16.2621],[76.0264,16.3008],[75.9562,16.2972],[75.8103,16.3704],[75.721,16.3909],[75.6336,16.4439],[75.5995,16.4465],[75.5701,16.4117],[75.5684,16.4133],[75.5664,16.4153],[75.5568,16.4247],[75.5522,16.456],[75.5347,16.4657],[75.4993,16.4537],[75.4986,16.4306],[75.489,16.4202],[75.4877,16.4186],[75.487,16.4176],[75.449,16.4133],[75.448,16.414],[75.4463,16.4159],[75.4327,16.4309],[75.4347,16.4335],[75.4632,16.4739],[75.4556,16.5067],[75.486,16.5087],[75.4883,16.5552],[75.4725,16.5633],[75.4936,16.5933],[75.4622,16.6225],[75.4377,16.6977],[75.4883,16.6944],[75.492,16.7442],[75.4218,16.7673],[75.405,16.7657],[75.3844,16.7634],[75.3788,16.8239],[75.395,16.8633],[75.3358,16.8695],[75.3418,16.956],[75.3451,16.9577],[75.392,16.9801],[75.4278,16.9664],[75.4417,16.9824],[75.4655,16.9882],[75.4834,16.9759],[75.4903,16.9453],[75.5294,16.9694],[75.5677,16.9658],[75.573,17.0097],[75.6068,17.0045],[75.6078,16.971],[75.6339,16.9703],[75.6422,16.9544],[75.675,16.9661],[75.666,16.9798],[75.6697,17.038],[75.6412,17.0377],[75.6505,17.0572],[75.6769,17.0653],[75.6723,17.1161],[75.6505,17.1158],[75.6495,17.1343],[75.6253,17.174],[75.6286,17.1887],[75.6399,17.189],[75.6621,17.2147],[75.6578,17.2632],[75.6541,17.2739],[75.628,17.2742],[75.6223,17.295],[75.6045,17.3051],[75.6045,17.3051],[75.6101,17.3451],[75.581,17.3513],[75.5744,17.3832],[75.6137,17.392],[75.6068,17.4203],[75.6329,17.4772],[75.676,17.4561],[75.6766,17.4538],[75.6908,17.4096],[75.7123,17.4079],[75.7335,17.42],[75.7653,17.4057],[75.7669,17.4024],[75.7722,17.3858],[75.7759,17.3829],[75.7901,17.3722],[75.7931,17.3695],[75.7941,17.3699],[75.8067,17.3718],[75.8136,17.3728],[75.8139,17.3735],[75.8215,17.4213],[75.851,17.4105],[75.8609,17.3855],[75.8844,17.418],[75.894,17.4011],[75.8907,17.3565],[75.9307,17.3227],[75.9982,17.338],[76.0138,17.353],[76.0608,17.3549],[76.0631,17.352],[76.0753,17.3364]]]}}]}